Unnamed: 0,title,link,post_index,date,have_chaolianjie,have_newmedia,have_tupian1yinpin1shipin,is_origin,read_num,like_num,old_like_num
0,后娱乐时代，综艺节目如何突围？,http://mp.weixin.qq.com/s?__biz=MzU1ODgzOTcwMQ==&mid=2247484492&idx=1&sn=57de342ae5ab00dcb71027e6681b661a&chksm=fc2126b6cb56afa02c8d8ea75c1940797ca160bab6477b9a4e5fe671adf174257ab75d515a8a#rd,1,2020-7-31,0.0,1.0,1.0,0.0,945.0,4.0,8.0
1,领导干部怎样才能“忙到点子上”？,http://mp.weixin.qq.com/s?__biz=MzU1ODgzOTcwMQ==&mid=2247484492&idx=2&sn=aeda03d9a66670532a8c25d0f730722e&chksm=fc2126b6cb56afa0b7fa9050be66cd07ea43e172006416c5f398e9f1c6d7e41bcc82d4a06113#rd,2,2020-7-31,0.0,1.0,1.0,0.0,822.0,6.0,6.0
2,涨知识！古代官员的救灾速成指南,http://mp.weixin.qq.com/s?__biz=MzU1ODgzOTcwMQ==&mid=2247484492&idx=3&sn=12333125c69767f725fcb766469857b7&chksm=fc2126b6cb56afa04c96b3d5b51c56df0be46745fd4b309a7d6c1f803ee8b75356b7e68c55ad#rd,3,2020-7-31,0.0,1.0,1.0,0.0,329.0,2.0,1.0
3,连接一切的万物互联网，到底是个啥？​,http://mp.weixin.qq.com/s?__biz=MzU1ODgzOTcwMQ==&mid=2247484472&idx=1&sn=6a11681b31d0a5e70f150223359e3991&chksm=fc2126c2cb56afd4fbdc2098bbd14893e398c21b070bed4a86312fbcba203222f58306c166cc#rd,1,2020-7-4,0.0,1.0,1.0,0.0,446.0,5.0,1.0
4,领导干部如何练就良好的“话风”？,http://mp.weixin.qq.com/s?__biz=MzU1ODgzOTcwMQ==&mid=2247484472&idx=2&sn=0089c75e04a5ab2509562d7450c40685&chksm=fc2126c2cb56afd4df62c545fb65fb179169c3de17b8ce42470ffe5db8f570b59bc3a15ecf6e#rd,2,2020-7-4,0.0,1.0,1.0,0.0,585.0,3.0,5.0
5,清代“白发卿相”为何受重用？​,http://mp.weixin.qq.com/s?__biz=MzU1ODgzOTcwMQ==&mid=2247484472&idx=3&sn=83aacc8032550dce86eaf1e1c7b6f733&chksm=fc2126c2cb56afd4820aa73a0752f1356c4d4db221f19bdff16bd7595abdab6bc243356d3930#rd,3,2020-7-4,0.0,1.0,1.0,0.0,316.0,6.0,3.0
6,人工智能到底是不是双刃剑？,http://mp.weixin.qq.com/s?__biz=MzU1ODgzOTcwMQ==&mid=2247484459&idx=1&sn=e8e676a3999d6501bb9f107a1192fe89&chksm=fc2126d1cb56afc7c43c54ba56ecd020b363baf672fa858af96f1dec230d3862c416426e7371#rd,1,2020-6-28,0.0,1.0,1.0,0.0,491.0,2.0,3.0
7,领导干部必读！如何将“体验式治理”进行到底？,http://mp.weixin.qq.com/s?__biz=MzU1ODgzOTcwMQ==&mid=2247484459&idx=2&sn=b0132aa691986f8d6567efe8cccefeb0&chksm=fc2126d1cb56afc7a72d1b65f72af5b056bb6932bf5da4bfab1c4a198963be68336966127635#rd,2,2020-6-28,0.0,1.0,1.0,0.0,246.0,0.0,1.0
8,揭秘 | 古代人如何摆摊？,http://mp.weixin.qq.com/s?__biz=MzU1ODgzOTcwMQ==&mid=2247484459&idx=3&sn=6ac4c06c7488ff2854078e86cc353ff6&chksm=fc2126d1cb56afc7904305c4bb98914e06156f12b1f110817f8c0fb82d87872ef842099e5841#rd,3,2020-6-28,0.0,1.0,1.0,0.0,156.0,0.0,0.0
9,人脸识别技术的边界，应该在哪？,http://mp.weixin.qq.com/s?__biz=MzU1ODgzOTcwMQ==&mid=2247484432&idx=1&sn=4898ac7706c2dbc0d80e480b17b27029&chksm=fc2126eacb56affca8abec92851c45638d1c12c302e6a4d29f4dd95ffbf7b441258dc7fa6379#rd,1,2020-6-20,0.0,1.0,1.0,0.0,313.0,2.0,1.0
10,【领导干部必读】高效能领导班子怎么建？,http://mp.weixin.qq.com/s?__biz=MzU1ODgzOTcwMQ==&mid=2247484432&idx=2&sn=f36275f205bc8d49fa91311e3f5963ab&chksm=fc2126eacb56affcbd71e0b58990d2a5bf61797f608f4709c387e62512d932edc85f65243d0d#rd,2,2020-6-20,0.0,1.0,1.0,0.0,314.0,2.0,2.0
11,1分钟了解古代人如何找工作,http://mp.weixin.qq.com/s?__biz=MzU1ODgzOTcwMQ==&mid=2247484432&idx=3&sn=f22f53b9f89242c55781e9680936b7d6&chksm=fc2126eacb56affcff4743bc4ae3939a261c97ffc172571a8a99f3f3580557bebc9e44614ff7#rd,3,2020-6-20,0.0,1.0,1.0,0.0,144.0,0.0,0.0
12,“两新一重”成热点！新基建如何实现稳步推进？,http://mp.weixin.qq.com/s?__biz=MzU1ODgzOTcwMQ==&mid=2247484413&idx=1&sn=68c17a2b6e96b11ddc92a858cd169d76&chksm=fc212107cb56a811e51fe2591d9444272846308494cad7ddc700a4bd28d15126e93379a58fae#rd,1,2020-6-12,0.0,1.0,1.0,0.0,271.0,3.0,0.0
13,【领导干部必读】基层需要什么样的挂职干部,http://mp.weixin.qq.com/s?__biz=MzU1ODgzOTcwMQ==&mid=2247484413&idx=2&sn=1c0b35cac6b4f84cd1edbbc9e7b1aa88&chksm=fc212107cb56a811572248d4dc52a24e78bb7d4a306ddb79d750abff6b3028feb371ef5b8dc7#rd,2,2020-6-12,0.0,1.0,1.0,0.0,192.0,0.0,0.0
14,为什么古代的衙门总是破破烂烂？,http://mp.weixin.qq.com/s?__biz=MzU1ODgzOTcwMQ==&mid=2247484413&idx=3&sn=5d3ad6fd84063f4d39fa1c683b1067d9&chksm=fc212107cb56a8116fac281b1c1e444292bea950ff4556bd3a0a6df2bbfe5ac987f412da6cc6#rd,3,2020-6-12,0.0,1.0,1.0,0.0,218.0,0.0,0.0
15,自媒体时代，圈群文化有何新特征？,http://mp.weixin.qq.com/s?__biz=MzU1ODgzOTcwMQ==&mid=2247484397&idx=1&sn=b1f95fd7d969fc82a63d8cd49b705f60&chksm=fc212117cb56a80147b3c02f613e8a2b90a5204463d841be95cffaec5f950bff106156c1fb34#rd,1,2020-5-31,0.0,1.0,1.0,0.0,407.0,2.0,0.0
16,【领导干部必读】领导干部如何提高执行力？,http://mp.weixin.qq.com/s?__biz=MzU1ODgzOTcwMQ==&mid=2247484397&idx=2&sn=35e2814de67a270c1368e7933fa39476&chksm=fc212117cb56a80141fcd069ec9c1b7e9d0f86566132eb150e1b8c90ff08cd314d98830f725e#rd,2,2020-5-31,0.0,1.0,1.0,0.0,484.0,1.0,0.0
17,在古代，地方官员如何打好“亲民牌”？,http://mp.weixin.qq.com/s?__biz=MzU1ODgzOTcwMQ==&mid=2247484397&idx=3&sn=e3071a498865f9f65cddcee064a8d9a3&chksm=fc212117cb56a801a1d01694bbace00ddd5490ded9d1cf3c4641718d217ee63adfddde202751#rd,3,2020-5-31,0.0,1.0,1.0,0.0,96.0,0.0,0.0
18,后疫情时代，城市建设如何实现“真智慧”？,http://mp.weixin.qq.com/s?__biz=MzU1ODgzOTcwMQ==&mid=2247484381&idx=1&sn=3ce6d813580795a9c79d0aa4f929f0fb&chksm=fc212127cb56a83173c1c4f35c176b9f647cb99f893355e175212308e6d449f3cc4bc0ec81f1#rd,1,2020-5-16,0.0,1.0,1.0,0.0,267.0,3.0,0.0
19,【领导干部必读】 利用“负面清单”识别好干部,http://mp.weixin.qq.com/s?__biz=MzU1ODgzOTcwMQ==&mid=2247484381&idx=2&sn=552b4e3b01385a86e9f258b5a242165e&chksm=fc212127cb56a83124b301b0423bf57e85e70cada691468c7584ff1646ff6da01a48ee203158#rd,2,2020-5-16,0.0,1.0,1.0,0.0,276.0,0.0,0.0
20,读史 | 古代的“花式抗疫法”,http://mp.weixin.qq.com/s?__biz=MzU1ODgzOTcwMQ==&mid=2247484381&idx=3&sn=4cdbcd31ca07c4678103d71ac494a460&chksm=fc212127cb56a8319fa389bd80aeeb06ca4c30ae77be0957ef2beb51e12f4d84044c1cad72e6#rd,3,2020-5-16,0.0,1.0,1.0,0.0,102.0,2.0,0.0
21,遭遇“黑天鹅”的高校毕业生，就业怎么办？,http://mp.weixin.qq.com/s?__biz=MzU1ODgzOTcwMQ==&mid=2247484361&idx=1&sn=690a1d2b9bf84bd4cd0cdc230407cdff&chksm=fc212133cb56a825b717cb75873e194c0ca620cb6c441205904d51acaafaa69ac93d2655e827#rd,1,2020-5-10,0.0,1.0,1.0,0.0,241.0,0.0,0.0
22,【领导干部必读】风险状态下，领导干部如何科学决策？,http://mp.weixin.qq.com/s?__biz=MzU1ODgzOTcwMQ==&mid=2247484361&idx=2&sn=e2c650d0877f7e2fd46a82a21192dd26&chksm=fc212133cb56a8257f09ed681224568f613e324e443e337c1df7b312b7fa81c977e7afa20049#rd,2,2020-5-10,0.0,1.0,1.0,0.0,207.0,1.0,0.0
23,北宋官场的独行者：“另类宰相”寇准的职场启示,http://mp.weixin.qq.com/s?__biz=MzU1ODgzOTcwMQ==&mid=2247484361&idx=3&sn=611241a20e4e8dc57bd53b884b959e9b&chksm=fc212133cb56a8251559d2502cf3b119883007ec72f186e1487255f0ad5a041488ff41f5f887#rd,3,2020-5-10,0.0,1.0,1.0,0.0,138.0,2.0,0.0
24,新技术时代，更应警惕“技术迷信”！,http://mp.weixin.qq.com/s?__biz=MzU1ODgzOTcwMQ==&mid=2247484342&idx=1&sn=027c91554819c0d963225bae966a045e&chksm=fc21214ccb56a85afba55e50437ebb120374d00aaec0aafd97e40934b84aaab0e72aae1edd14#rd,1,2020-4-26,0.0,1.0,1.0,0.0,209.0,3.0,0.0
25,后真相时代，如何不被自媒体营销号“带跑偏”？,http://mp.weixin.qq.com/s?__biz=MzU1ODgzOTcwMQ==&mid=2247484342&idx=2&sn=08cb1202e46c790e0287ed2518415c96&chksm=fc21214ccb56a85a758fdff7a62b109fb3cc648f50c0e1b7c10d0096549298bdb9da45c0d645#rd,2,2020-4-26,0.0,1.0,1.0,0.0,138.0,2.0,0.0
26,揭秘！关于郑和下西洋，你了解多少？,http://mp.weixin.qq.com/s?__biz=MzU1ODgzOTcwMQ==&mid=2247484342&idx=3&sn=f8452c1209ae20e4d33642b410ca7cda&chksm=fc21214ccb56a85a93f306a2347a7a749b0dd4ff3f6660ef539593efe43311de133db328a345#rd,3,2020-4-26,0.0,1.0,1.0,0.0,103.0,1.0,0.0
27,“娱乐至上”的时代，网络综艺何去何从？,http://mp.weixin.qq.com/s?__biz=MzU1ODgzOTcwMQ==&mid=2247484334&idx=1&sn=55c6796d03e9299bd9a0cfe066196509&chksm=fc212154cb56a84273e76b30c2ef771f32d3f448e1e8a43228d6c6b0cdb741465dfe999e1886#rd,1,2020-4-18,0.0,1.0,1.0,0.0,241.0,5.0,0.0
28,我们是如何掉入了“瘾性经济”的陷阱？,http://mp.weixin.qq.com/s?__biz=MzU1ODgzOTcwMQ==&mid=2247484334&idx=2&sn=089726153fc815773729ed6185e7ca1e&chksm=fc212154cb56a84297e107ff752a342b91be0e81124ccfe155a328b2cfc12ce585dda9ca2fed#rd,2,2020-4-18,0.0,1.0,1.0,0.0,161.0,1.0,1.0
29,古代皇帝想听真话，都有这些操作！​,http://mp.weixin.qq.com/s?__biz=MzU1ODgzOTcwMQ==&mid=2247484334&idx=3&sn=135da79ae881855a3243598429295c56&chksm=fc212154cb56a842bf7f0cbc4ddd30053bd06d1fb40af64940f85dbb0bc474bb8f3d10650d08#rd,3,2020-4-18,0.0,1.0,1.0,0.0,129.0,0.0,0.0
30,读书要快、追剧要快，你的生活也“倍速”了吗？,http://mp.weixin.qq.com/s?__biz=MzU1ODgzOTcwMQ==&mid=2247484325&idx=1&sn=3cf966a1bb619f807700d5ca6c6807c8&chksm=fc21215fcb56a84956ac52d00802619d81301e36fd039aab79fe52f114e0c2a4b0c61a4a3c10#rd,1,2020-4-11,0.0,1.0,1.0,0.0,210.0,1.0,1.0
31,武汉解封了，我们还要做好哪些工作？,http://mp.weixin.qq.com/s?__biz=MzU1ODgzOTcwMQ==&mid=2247484325&idx=2&sn=83d8e3baa718c08ebd7549afb1198d77&chksm=fc21215fcb56a84934cb2da65fcdf1a3fa9768252217c18bec028416a0b4503637b5c28aba7d#rd,2,2020-4-11,0.0,1.0,1.0,0.0,29.0,1.0,0.0
32,“天高皇帝远”？古代基层社会如何实现官民合治,http://mp.weixin.qq.com/s?__biz=MzU1ODgzOTcwMQ==&mid=2247484325&idx=3&sn=f80e551ab4608aa3c4327bfda24e805c&chksm=fc21215fcb56a8490bbe533281f22159442b6977d6afa5ad6b47087c6d8e9b638b711d2d5113#rd,3,2020-4-11,0.0,1.0,1.0,0.0,122.0,3.0,0.0
33,颜值即正义？别让美丽“奴役”你,http://mp.weixin.qq.com/s?__biz=MzU1ODgzOTcwMQ==&mid=2247484310&idx=1&sn=f614bc1758c9b732a6036f9e063f04df&chksm=fc21216ccb56a87ad685a07c0dce1a6f2ba927bbb0b6fc43be27e2332e15bfb98d47dc84d2b4#rd,1,2020-4-3,0.0,1.0,1.0,0.0,196.0,0.0,0.0
34,一图教会你如何辨别伪科学！,http://mp.weixin.qq.com/s?__biz=MzU1ODgzOTcwMQ==&mid=2247484310&idx=2&sn=224afad34b2e179a0c2a9f9ded5b8b50&chksm=fc21216ccb56a87a3c82fe538a7a98be345efd4e4cc6331381f8831d82f99a5f251bbeb5f444#rd,2,2020-4-3,0.0,1.0,1.0,0.0,91.0,3.0,0.0
35,探秘！宋朝海外贸易为何如此兴盛？,http://mp.weixin.qq.com/s?__biz=MzU1ODgzOTcwMQ==&mid=2247484310&idx=3&sn=ac42a8799c7466d27e8cdbe660839252&chksm=fc21216ccb56a87a9869311991a675cf42fe89b8e3bdb406ee2fd6b3b3b967167e71ff4b7fd7#rd,3,2020-4-3,0.0,1.0,1.0,0.0,327.0,0.0,0.0
36,保护野生动物，这件事迫在眉睫！,http://mp.weixin.qq.com/s?__biz=MzU1ODgzOTcwMQ==&mid=2247484298&idx=1&sn=49dccb10ddc4f78f44b6a8bc661db0c8&chksm=fc212170cb56a866d2a60076b420a0303c7e51efab9d1d9b7b24bb4f08ef8e596a2b45658f8b#rd,1,2020-3-28,0.0,1.0,1.0,0.0,89.0,2.0,0.0
37,疫情期间，哪些新机遇正加速起飞？,http://mp.weixin.qq.com/s?__biz=MzU1ODgzOTcwMQ==&mid=2247484298&idx=2&sn=cf250dda241589138207571b22ca510a&chksm=fc212170cb56a8665edbd4a338e65f176b32464631599f9938c506b9f72438276bd9201cb16b#rd,2,2020-3-28,0.0,1.0,1.0,0.0,79.0,0.0,0.0
38,这种最考验实力的公文，笔杆子掌握了吗？,http://mp.weixin.qq.com/s?__biz=MzU1ODgzOTcwMQ==&mid=2247484298&idx=3&sn=54cd8a80a57d99e77061f6a602c20d91&chksm=fc212170cb56a86693a371473001360fc4b0d0764aed85d7ab4dbe8486da872b28916239a508#rd,3,2020-3-28,0.0,1.0,1.0,0.0,224.0,1.0,0.0
39,疫情之下，你具备“舆情理性”吗？,http://mp.weixin.qq.com/s?__biz=MzU1ODgzOTcwMQ==&mid=2247484286&idx=1&sn=a6bf502ed91758a25f38f2c55744a14f&chksm=fc212184cb56a8923b072de56869e88ff0dbbf940d373043cd25cedcfad6bf822a56a3c01426#rd,1,2020-3-19,0.0,1.0,1.0,0.0,313.0,1.0,0.0
40,为什么当代年轻人语言越来越贫乏？,http://mp.weixin.qq.com/s?__biz=MzU1ODgzOTcwMQ==&mid=2247484286&idx=2&sn=682550fd5a23316f60141143e8d3b7e3&chksm=fc212184cb56a8923c05f0cc3ad33961bbcd1a8a4dffbefd99b7e4c856eec1b19ee5c6afa526#rd,2,2020-3-19,0.0,1.0,1.0,0.0,225.0,2.0,0.0
41,职场中，如何才能成为好的领导？看看李世民怎么做的,http://mp.weixin.qq.com/s?__biz=MzU1ODgzOTcwMQ==&mid=2247484286&idx=3&sn=b616813424a526ac0e30b18eaf3ea692&chksm=fc212184cb56a89278e122622947c35ed94593410943d8caff497c6430a66e96e297add1e538#rd,3,2020-3-19,0.0,1.0,1.0,0.0,139.0,2.0,0.0
42,关键时期，实体经济如何搏“疫”求生？,http://mp.weixin.qq.com/s?__biz=MzU1ODgzOTcwMQ==&mid=2247484275&idx=1&sn=e1810b726b67606e834c4a4f61810d2e&chksm=fc212189cb56a89f701f37b4a6b3cd8e7be9fea29e632ccf8db135d275d2c0a0b258661e2451#rd,1,2020-3-15,0.0,1.0,1.0,0.0,140.0,1.0,0.0
43,每周一问 | 谁点燃了你的“教育焦虑”？,http://mp.weixin.qq.com/s?__biz=MzU1ODgzOTcwMQ==&mid=2247484275&idx=2&sn=0f27862f7128218101bc6b446224370f&chksm=fc212189cb56a89ff156059656c2f039c37fcb06006c4d3a543baa741936ee8fcc92ab40fa16#rd,2,2020-3-15,0.0,1.0,1.0,0.0,66.0,0.0,0.0
44,唐朝的婚姻到底有多开放：宰相为女儿设“选婿窗”,http://mp.weixin.qq.com/s?__biz=MzU1ODgzOTcwMQ==&mid=2247484275&idx=3&sn=58f519fe5277f461ee5437b601bca434&chksm=fc212189cb56a89f7484393a1e794995bc059b6c45260986e854af3527c4dab773d6c808c4fb#rd,3,2020-3-15,0.0,1.0,1.0,0.0,106.0,0.0,0.0
45,“小日子”关系“大账本”，关键时期如何保障民生？,http://mp.weixin.qq.com/s?__biz=MzU1ODgzOTcwMQ==&mid=2247484260&idx=1&sn=62ba60997fef19362974e16a493912f6&chksm=fc21219ecb56a8885339fb4b2fb9bf29c85ef39c669999d64f151c8ce5f568d9e3d0e6bbb15b#rd,1,2020-3-7,0.0,1.0,1.0,0.0,104.0,1.0,0.0
46,土味文化vs消费新贵，小镇青年到底是怎样一群人？,http://mp.weixin.qq.com/s?__biz=MzU1ODgzOTcwMQ==&mid=2247484260&idx=2&sn=f7e3de2b256f45fc03d6330d67966f9b&chksm=fc21219ecb56a8886f8270c1867cfa02930c5ab4883c0c42733d79813b8ec47065c9b64507bc#rd,2,2020-3-7,0.0,1.0,1.0,0.0,85.0,1.0,0.0
47,古代如何防控疫情？这些方法至今仍在使用！,http://mp.weixin.qq.com/s?__biz=MzU1ODgzOTcwMQ==&mid=2247484260&idx=3&sn=ade3b1314f63d5a51cad974235663843&chksm=fc21219ecb56a8886d3f6a01ca1f1d24f37b9ef7d3721e37cd806c72a6bc44972b69f55a6798#rd,3,2020-3-7,0.0,1.0,1.0,0.0,107.0,1.0,0.0
48,“治愈经济”真的可以疗愈你的孤独吗？,http://mp.weixin.qq.com/s?__biz=MzU1ODgzOTcwMQ==&mid=2247484253&idx=1&sn=6f1a3555b62655c93d152bc1b571b410&chksm=fc2121a7cb56a8b1ed0cf28aca374af0eb653bf6dbc99e650e9a943baa129777130a7cdbcccf#rd,1,2020-1-19,0.0,1.0,1.0,0.0,212.0,2.0,0.0
49,当我们购买保健品时，我们在消费什么？,http://mp.weixin.qq.com/s?__biz=MzU1ODgzOTcwMQ==&mid=2247484253&idx=2&sn=29485fda7da66dcc13ff0537f04ed459&chksm=fc2121a7cb56a8b1639992008e50b6dc905cfeee0528f9b31c300ea40fad6767fad736d17263#rd,2,2020-1-19,0.0,1.0,1.0,0.0,48.0,0.0,0.0
50,美国是如何成为科技强国的？,http://mp.weixin.qq.com/s?__biz=MzU1ODgzOTcwMQ==&mid=2247484253&idx=3&sn=f054298bca6facf5fb3396f418648c2e&chksm=fc2121a7cb56a8b1dc75a1cc795f63981836127677181f541feedc9385b841263c26d9b08d52#rd,3,2020-1-19,0.0,1.0,1.0,0.0,126.0,1.0,0.0
51,“流量至上”到底伤害了谁？,http://mp.weixin.qq.com/s?__biz=MzU1ODgzOTcwMQ==&mid=2247484209&idx=1&sn=6f7d9a6467974e435f2d9910a50abaad&chksm=fc2121cbcb56a8ddf7268c7b03b7e32771bb2f000f39c26c6b346b3c3475d69638af253b3d44#rd,1,2020-1-12,0.0,1.0,1.0,0.0,138.0,0.0,0.0
52,《庆余年》又成爆款，为何这类古装剧总能吸引你？,http://mp.weixin.qq.com/s?__biz=MzU1ODgzOTcwMQ==&mid=2247484209&idx=2&sn=e44368740feec2806e88cb1c62a3e15f&chksm=fc2121cbcb56a8dd14519688d8aee84509555975fc6005a07a13d7355daab2c6b1baab367ba8#rd,2,2020-1-12,0.0,1.0,1.0,0.0,116.0,1.0,0.0
53,穿越到古代：看古人如何处理医患关系,http://mp.weixin.qq.com/s?__biz=MzU1ODgzOTcwMQ==&mid=2247484209&idx=3&sn=24f27a99ec4515c474c0f5fcd3821e56&chksm=fc2121cbcb56a8ddcb43ed2c5430ca5f09e212dbaf98e7191ffd627fa5c8bc012ea6e6fc88c8#rd,3,2020-1-12,0.0,1.0,1.0,0.0,96.0,5.0,0.0
54,职场社交中，如何走心地赞美别人？,http://mp.weixin.qq.com/s?__biz=MzU1ODgzOTcwMQ==&mid=2247484174&idx=1&sn=76a7cc53205ebe5a8cfd95f7362ab364&chksm=fc2121f4cb56a8e276b9eafca335bc9e008e102534e73d392b93c18b6d1ae132725ba13f347c#rd,1,2020-1-3,0.0,1.0,1.0,0.0,157.0,0.0,1.0
55,新的一年，如何让你的flag不倒？,http://mp.weixin.qq.com/s?__biz=MzU1ODgzOTcwMQ==&mid=2247484174&idx=2&sn=5a985231c91eaaa37a3c0f2f6930ab8a&chksm=fc2121f4cb56a8e2057dc1af4f2a7eac078e980499970fbf220d4055091784d8d67e080933be#rd,2,2020-1-3,0.0,1.0,1.0,0.0,46.0,2.0,0.0
56,宋代如何调控房地产市场,http://mp.weixin.qq.com/s?__biz=MzU1ODgzOTcwMQ==&mid=2247484174&idx=3&sn=59dd092d205855653c33560647fcc3a7&chksm=fc2121f4cb56a8e2583f0684632a9634795a7b85b2c4078d480cf589cfabadcb419dfc93cfe2#rd,3,2020-1-3,0.0,1.0,1.0,0.0,52.0,0.0,0.0
57,这两个字，概括了企业家成功的秘诀,http://mp.weixin.qq.com/s?__biz=MzU1ODgzOTcwMQ==&mid=2247484155&idx=1&sn=390b253ab991a0a8d1ba814bcc80f1f1&chksm=fc212001cb56a9179fe67451a1302cdc00432da9d61ec2a5ab7da50cf12a3fbb84c2fc1f4313#rd,1,2019-12-27,0.0,1.0,1.0,0.0,147.0,1.0,0.0
58,你为什么这么容易被“种草”？,http://mp.weixin.qq.com/s?__biz=MzU1ODgzOTcwMQ==&mid=2247484155&idx=2&sn=c4e26d7b7c777b2fae2d36aedf996305&chksm=fc212001cb56a9170d6a8ba18f67df27bf66be83cf61f7bfe25f69fa03a0607d943eab766d06#rd,2,2019-12-27,0.0,1.0,1.0,0.0,83.0,1.0,0.0
59,这位备受争议的皇帝，却在用人上有妙招！,http://mp.weixin.qq.com/s?__biz=MzU1ODgzOTcwMQ==&mid=2247484155&idx=3&sn=e6c6b1acd3ebc9496425353052987039&chksm=fc212001cb56a9171274073e9a47e5adfebdc6bf316d95a399999c30489cf995d476cf76abb6#rd,3,2019-12-27,0.0,1.0,1.0,0.0,101.0,0.0,0.0
60,掌握四大职场社交要诀，顺利打破聊天尴尬！,http://mp.weixin.qq.com/s?__biz=MzU1ODgzOTcwMQ==&mid=2247484117&idx=1&sn=d758d440cc882940a95fbb622a30e4af&chksm=fc21202fcb56a939012cfd6f08418df8808d52dae66999fd456792aa5270a01ae29c364d97a9#rd,1,2019-12-20,0.0,1.0,1.0,0.0,133.0,0.0,0.0
61,一部票房超越《流浪地球》的国产动画，究竟是如何诞生的？,http://mp.weixin.qq.com/s?__biz=MzU1ODgzOTcwMQ==&mid=2247484117&idx=2&sn=72b4aac22a6a80bda581f5074dd7c728&chksm=fc21202fcb56a939890f1a4e837edf110630fb4bf5d0317063c222e61ebcc61cf26afc9a0639#rd,2,2019-12-20,0.0,1.0,1.0,0.0,63.0,0.0,0.0
62,明代为何没有出现后宫干政？,http://mp.weixin.qq.com/s?__biz=MzU1ODgzOTcwMQ==&mid=2247484117&idx=3&sn=f6bb71e2ca4c38a027413e941e3a7d6c&chksm=fc21202fcb56a9399db6b36c92624be892d44be35bf1b8cc798214129a43cf400d62da879c41#rd,3,2019-12-20,0.0,1.0,1.0,0.0,70.0,0.0,0.0
63,习近平告诫各级干部：这项基本功十分重要,http://mp.weixin.qq.com/s?__biz=MzU1ODgzOTcwMQ==&mid=2247484088&idx=1&sn=7fd5bd5986034676967a417ae80eef19&chksm=fc212042cb56a954d72e954d54bbb31368768ce6d5fe97194edfe98859443fde36cd25943c0c#rd,1,2019-12-13,0.0,1.0,1.0,0.0,348.0,4.0,0.0
64,别让焦虑成为压垮年轻人的稻草,http://mp.weixin.qq.com/s?__biz=MzU1ODgzOTcwMQ==&mid=2247484088&idx=2&sn=bcc0b8d334da915568f3d58d9856610b&chksm=fc212042cb56a954147f536383c2eecd6895b44bb735014221a851fe76f295815a6704447ba2#rd,2,2019-12-13,0.0,1.0,1.0,0.0,135.0,0.0,0.0
65,古人春节也面临“回家难”？,http://mp.weixin.qq.com/s?__biz=MzU1ODgzOTcwMQ==&mid=2247484088&idx=3&sn=fa0eade86df49b5c7ef84bdb01a3bb2f&chksm=fc212042cb56a9546ce4f465bbef6a5b464ab9db24be5ba23c0f612730e3c09018b77b957023#rd,3,2019-12-13,0.0,1.0,1.0,0.0,35.0,0.0,0.0
66,学会这两个万能公式，让你一开口就能赢,http://mp.weixin.qq.com/s?__biz=MzU1ODgzOTcwMQ==&mid=2247484055&idx=1&sn=3d587f720a52843f98ca98d756515247&chksm=fc21206dcb56a97bdf8227946fee29eac776cfc4a76764203fb936b57ba78b11ec7e3ebeb860#rd,1,2019-12-5,0.0,1.0,1.0,0.0,266.0,1.0,0.0
67,一句“能者多劳”伤透了多少人的心,http://mp.weixin.qq.com/s?__biz=MzU1ODgzOTcwMQ==&mid=2247484055&idx=2&sn=4089f1cf8ab32b85cf51f78c77f86c1f&chksm=fc21206dcb56a97b78c1d7887dca1f6eb64e9e6b25704bacd3bad2442358d9d447d45a715685#rd,2,2019-12-5,0.0,1.0,1.0,0.0,212.0,1.0,0.0
68,雍正反腐狠到什么程度？让官员个个胆战心惊！,http://mp.weixin.qq.com/s?__biz=MzU1ODgzOTcwMQ==&mid=2247484055&idx=3&sn=c42b7a498bb84f62aab93e9c7c5027f0&chksm=fc21206dcb56a97b830cc6bd80d1963c6525c3af990e2ae107d59c0d187498cde23adaa576ef#rd,3,2019-12-5,0.0,1.0,1.0,0.0,98.0,4.0,0.0
69,职场中，有哪些高情商的说服技巧？,http://mp.weixin.qq.com/s?__biz=MzU1ODgzOTcwMQ==&mid=2247484011&idx=1&sn=83ed980d13422dfa606186b3f656bf85&chksm=fc212091cb56a9871dbb733543c6bd925aeb42ae1a2366f5d107edc6ee8f7f10cbf290999639#rd,1,2019-11-23,0.0,1.0,1.0,0.0,162.0,0.0,0.0
70,网购评论能造假？你被好评“坑”过吗,http://mp.weixin.qq.com/s?__biz=MzU1ODgzOTcwMQ==&mid=2247484011&idx=2&sn=7cf428d72264a8fe0c6996a4685f4320&chksm=fc212091cb56a987c947f220d21fa9b2e43dac4ce4acf87510ee9f836c94b2b832a09a605785#rd,2,2019-11-23,0.0,1.0,1.0,0.0,54.0,0.0,0.0
71,如何构思出一篇漂亮的公文？掌握五个步骤！,http://mp.weixin.qq.com/s?__biz=MzU1ODgzOTcwMQ==&mid=2247484011&idx=3&sn=83b565c31142347ee581a2e381748e88&chksm=fc212091cb56a987ae4f8c2248bd2510502ccc00fd2cc04ccb3d16ce7c2f06e0ee005aa11404#rd,3,2019-11-23,0.0,1.0,1.0,0.0,226.0,1.0,0.0
72,新职业层出不穷，网络直播如何跻身“第361行”？,http://mp.weixin.qq.com/s?__biz=MzU1ODgzOTcwMQ==&mid=2247483995&idx=1&sn=4cf9de49a38bdeabb1fb11eda109939a&chksm=fc2120a1cb56a9b7982d9c030554abf2d5fc1bd422ffc984823da9d3470cb30689599a3e534a#rd,1,2019-11-17,0.0,1.0,1.0,0.0,99.0,2.0,0.0
73,给领导写讲话稿，这篇攻略请收好！,http://mp.weixin.qq.com/s?__biz=MzU1ODgzOTcwMQ==&mid=2247483995&idx=2&sn=1d50a579896b7bd9d10c3d6fbd1d5b52&chksm=fc2120a1cb56a9b714bbe9d68351db49c2a22b324a928a5205c2fe99adff63206b055a00109a#rd,2,2019-11-17,0.0,1.0,1.0,0.0,471.0,1.0,0.0
74,“最钝拙”的曾国藩，如何经营人脉？,http://mp.weixin.qq.com/s?__biz=MzU1ODgzOTcwMQ==&mid=2247483995&idx=3&sn=33a6d346cf50cb5eea14c6632caff44d&chksm=fc2120a1cb56a9b729438692c73f6bdfda35a93a1a59d0ddd4e40a705837ae17e516cf19dc13#rd,3,2019-11-17,0.0,1.0,1.0,0.0,145.0,0.0,0.0
75,“国学热”背后的冷思考,http://mp.weixin.qq.com/s?__biz=MzU1ODgzOTcwMQ==&mid=2247483987&idx=1&sn=a6fb21b5140bc830f20204673b86fe98&chksm=fc2120a9cb56a9bfa03500dbab5817f9aa53373af8edc35cedef204417b010ae715ae3f3a0db#rd,1,2019-11-9,0.0,1.0,1.0,0.0,258.0,2.0,0.0
76,“三大技能包”，教你如何写好总结材料！,http://mp.weixin.qq.com/s?__biz=MzU1ODgzOTcwMQ==&mid=2247483987&idx=2&sn=0355c92d23632acc6ed2bc158212e8b5&chksm=fc2120a9cb56a9bf32b1fcef893b03f28ee2e278887ac6849567c7e278bfb76ca1507ea128c9#rd,2,2019-11-9,0.0,1.0,1.0,0.0,157.0,1.0,0.0
77,科普贴：古人如何旅游？,http://mp.weixin.qq.com/s?__biz=MzU1ODgzOTcwMQ==&mid=2247483987&idx=3&sn=eabb19dc935fff7f1b8d6010758b6ff6&chksm=fc2120a9cb56a9bf7de4f2612ae4873479ba694da8ddcd3e292ff2d1fa3ac4d9220cc9cfe5db#rd,3,2019-11-9,0.0,1.0,1.0,0.0,61.0,0.0,0.0
78,记住这个定律，轻松搞定职场沟通！,http://mp.weixin.qq.com/s?__biz=MzU1ODgzOTcwMQ==&mid=2247483981&idx=1&sn=861ccd7cb510a51d86db3acf0e955908&chksm=fc2120b7cb56a9a15d8436f27800b3ec00a6028342619878c1ef1cbcb5c5574e1b8e21a1381a#rd,1,2019-11-2,0.0,1.0,1.0,0.0,171.0,2.0,0.0
79,三步走！教你写出耳目一新的简报,http://mp.weixin.qq.com/s?__biz=MzU1ODgzOTcwMQ==&mid=2247483981&idx=2&sn=378c7f010fdb4c25101e66de84dc17e4&chksm=fc2120b7cb56a9a1bd03c883f6c2375b4b729f70ebefcc72611459908af11c7a3a30b95354ce#rd,2,2019-11-2,0.0,1.0,1.0,0.0,143.0,0.0,0.0
80,当代年轻人，你为孤独买单了吗？,http://mp.weixin.qq.com/s?__biz=MzU1ODgzOTcwMQ==&mid=2247483981&idx=3&sn=00c7ce0624c710486c7216a5f237dbd7&chksm=fc2120b7cb56a9a198eefad7750e6d2a25a99837d78c0af30e2c3778c9d2017bc2482354a5a2#rd,3,2019-11-2,0.0,1.0,1.0,0.0,55.0,0.0,0.0
81,农村父母的养老问题，如何破解？,http://mp.weixin.qq.com/s?__biz=MzU1ODgzOTcwMQ==&mid=2247483972&idx=1&sn=d69f3ce3e5264e1d930c921122bf51ed&chksm=fc2120becb56a9a8e25f61c328f33444187123b0e6f983490d44bed677fc14d653d7f2e8390d#rd,1,2019-10-24,0.0,1.0,1.0,0.0,153.0,1.0,0.0
82,公文写作前，如何做好材料准备工作？​,http://mp.weixin.qq.com/s?__biz=MzU1ODgzOTcwMQ==&mid=2247483972&idx=2&sn=c9c9ecf4a5e806d2e68f0e188859714a&chksm=fc2120becb56a9a8b95741cbc0952b87050b317efa696fc798e55267cbcb003201c150fcbcd8#rd,2,2019-10-24,0.0,1.0,1.0,0.0,197.0,1.0,0.0
83,在古代想看新闻，该怎么办？,http://mp.weixin.qq.com/s?__biz=MzU1ODgzOTcwMQ==&mid=2247483972&idx=3&sn=e926130093b9701eaa315d973089dc38&chksm=fc2120becb56a9a876e7f23b0c0cf70c2304e20bb8ff89373db629b80566a9a2bcc3f8ca0c5b#rd,3,2019-10-24,0.0,1.0,1.0,0.0,56.0,1.0,0.0
84,领导说“辛苦了”，高情商的下属都这样回答,http://mp.weixin.qq.com/s?__biz=MzU1ODgzOTcwMQ==&mid=2247483964&idx=1&sn=b0f0d2d5536edc7cb5e588c043c1acc6&chksm=fc2120c6cb56a9d0917ac8bc78cb361d1ae99dcbd4b7b6e23a14206390061b858d7fa9398cfe#rd,1,2019-10-18,0.0,1.0,1.0,0.0,336.0,2.0,0.0
85,“交代”还是“交待”，公文中的易混字词你用对了吗？,http://mp.weixin.qq.com/s?__biz=MzU1ODgzOTcwMQ==&mid=2247483964&idx=2&sn=c14f3114c472288895e4750f5258f8fc&chksm=fc2120c6cb56a9d004d5291043a6c1834221a74b1e1ce54abec8e8b45193e4593a306e338acb#rd,2,2019-10-18,0.0,1.0,1.0,0.0,263.0,1.0,1.0
86,谁说古代没有夜生活？揭秘宋朝“夜经济”,http://mp.weixin.qq.com/s?__biz=MzU1ODgzOTcwMQ==&mid=2247483964&idx=3&sn=7e19ebb823c8068b0e206495a6c1546d&chksm=fc2120c6cb56a9d0e670eae5d38ac70f8918811e3f0e167874327a5ba80a8028072977f04472#rd,3,2019-10-18,0.0,1.0,1.0,0.0,38.0,0.0,0.0
87,“新官”理“旧账”，义不容辞！,http://mp.weixin.qq.com/s?__biz=MzU1ODgzOTcwMQ==&mid=2247483942&idx=1&sn=1d115deff7da48b7fa072dbc932c79eb&chksm=fc2120dccb56a9ca326637a6a893783b04a7a07f0ffad2fd4e62708805f844d72f1bf60bcf99#rd,1,2019-10-12,0.0,1.0,1.0,0.0,238.0,3.0,0.0
88,纯干货！这个公文写作的硬伤，绝不能有,http://mp.weixin.qq.com/s?__biz=MzU1ODgzOTcwMQ==&mid=2247483942&idx=2&sn=56634491d17b1bca6c92dfa5ccc509aa&chksm=fc2120dccb56a9ca3744138b9cbf397290be34d36a6ebbbcc09b2321de7a0b55e0e84a9cdf99#rd,2,2019-10-12,0.0,1.0,1.0,0.0,173.0,1.0,0.0
89,古代惩治公款吃喝：看一个驻京办主任的饭局公案,http://mp.weixin.qq.com/s?__biz=MzU1ODgzOTcwMQ==&mid=2247483942&idx=3&sn=06687c3e3e045f9b1ebf354a1de51ee4&chksm=fc2120dccb56a9caf3bd482751307805f487509bdf56140df8884420a06c3d4e12fb62420302#rd,3,2019-10-12,0.0,1.0,1.0,0.0,81.0,1.0,0.0
90,究竟是什么让“中年危机”如此沉重？,http://mp.weixin.qq.com/s?__biz=MzU1ODgzOTcwMQ==&mid=2247483935&idx=1&sn=7fac2cd0f432d3df7777d4682f21392c&chksm=fc2120e5cb56a9f336dc245094b64a52f6eeb7292203e468c015d8bd0dbaef20ee8347859f22#rd,1,2019-9-20,0.0,1.0,1.0,0.0,226.0,1.0,0.0
91,这些公文校对常识，真的很重要！（必读）,http://mp.weixin.qq.com/s?__biz=MzU1ODgzOTcwMQ==&mid=2247483935&idx=2&sn=21e5ff9b85e9936fc2451702c28e83a4&chksm=fc2120e5cb56a9f3f0906ad1ec46514d702d5bac0b9878138e459796e3c3b5cfc5627f4e5026#rd,2,2019-9-20,0.0,1.0,1.0,0.0,354.0,2.0,0.0
92,了不起！古代官员的救荒智慧,http://mp.weixin.qq.com/s?__biz=MzU1ODgzOTcwMQ==&mid=2247483935&idx=3&sn=b516a4a2e682ab278bf00bb2d8c8cbbd&chksm=fc2120e5cb56a9f375ced625104dabbe5154b989c25cfac177ba0572be1700b3187a9463075d#rd,3,2019-9-20,0.0,1.0,1.0,0.0,143.0,0.0,0.0
93,毛泽东为这本书留下了大量批语,http://mp.weixin.qq.com/s?__biz=MzU1ODgzOTcwMQ==&mid=2247483926&idx=1&sn=9fe393a1378e174fa3e04584c56a1e61&chksm=fc2120eccb56a9fa09110a06a799cdfa8ae2ac1e969f6d04b4e39ca919248b0477f5378fc389#rd,1,2019-9-13,0.0,1.0,1.0,0.0,291.0,0.0,0.0
94,公文写作中的修辞使用“攻略”，说全了！,http://mp.weixin.qq.com/s?__biz=MzU1ODgzOTcwMQ==&mid=2247483926&idx=2&sn=c45a5c4eff62e10a6b41093a6fb4d76a&chksm=fc2120eccb56a9fadc486faae6ac1abb1c9705366b0607e9fba7b8a510dc4f4ecee26540a1fc#rd,2,2019-9-13,0.0,1.0,1.0,0.0,228.0,2.0,0.0
95,中国学者是否应把最佳学术成果发在外刊？,http://mp.weixin.qq.com/s?__biz=MzU1ODgzOTcwMQ==&mid=2247483926&idx=3&sn=f8a7b5e8a82c22cb299adc91c3404f3f&chksm=fc2120eccb56a9fa58d57e80a46e95138fc7d789f31b07da8710143f6d0e2b7474937da05b03#rd,3,2019-9-13,0.0,1.0,1.0,0.0,56.0,0.0,0.0
96,离婚率增长背后折射了什么社会问题？,http://mp.weixin.qq.com/s?__biz=MzU1ODgzOTcwMQ==&mid=2247483916&idx=1&sn=b1922279ec576a9d723087152d734a0e&chksm=fc2120f6cb56a9e0cec0786bbefb28c5c42961f12c9ef1e73f47fe0a77659d53bb61fae36e7d#rd,1,2019-9-6,0.0,1.0,1.0,0.0,458.0,3.0,0.0
97,收藏！公文写作中的数字使用，有何门道？,http://mp.weixin.qq.com/s?__biz=MzU1ODgzOTcwMQ==&mid=2247483916&idx=2&sn=9ca95eef308cd8ba723fe1b5a5a83268&chksm=fc2120f6cb56a9e08fec4386342ca4cc57c2f31606577dabd4b0453ab06f8862fe4255d5547b#rd,2,2019-9-6,0.0,1.0,1.0,0.0,125.0,0.0,0.0
98,从平民跨越到皇帝，他是如何做到的？,http://mp.weixin.qq.com/s?__biz=MzU1ODgzOTcwMQ==&mid=2247483916&idx=3&sn=2d50b94d8b439f13241da4bd3758a00a&chksm=fc2120f6cb56a9e0eb06de04fb21734c9515623c84aa514eebb2495dd4567e44ac9cb23ef5ac#rd,3,2019-9-6,0.0,1.0,1.0,0.0,111.0,1.0,0.0
99,知识焦虑不可怕，可怕的是在焦虑中迷失方向,http://mp.weixin.qq.com/s?__biz=MzU1ODgzOTcwMQ==&mid=2247483902&idx=1&sn=dba5ca3f1ed2770c347f95eb76b1d563&chksm=fc212304cb56aa127659b828252bd4daab4a543b49f07eba230582f34d6788ebfcf03555fe7e#rd,1,2019-8-30,0.0,1.0,1.0,0.0,166.0,4.0,0.0
100,职场说话两大雷区，避开一个算一个！,http://mp.weixin.qq.com/s?__biz=MzU1ODgzOTcwMQ==&mid=2247483902&idx=2&sn=6e6cfdf24bcc3406668aeac01b84f96e&chksm=fc212304cb56aa128e2becbb58fdf2ab0697d7c1163a0d55aba7bc25c50dffc1a1334b4e3e5f#rd,2,2019-8-30,0.0,1.0,1.0,0.0,84.0,0.0,0.0
101,解密：宋代官员如何考核？,http://mp.weixin.qq.com/s?__biz=MzU1ODgzOTcwMQ==&mid=2247483902&idx=3&sn=e539f2872f05a3af2910d27a9ece18dd&chksm=fc212304cb56aa12f3b55a3a69e61772ea44f877f1728dae86c616f1410106b1c46db37c96bd#rd,3,2019-8-30,0.0,1.0,1.0,0.0,49.0,0.0,0.0
102,干货！碎片化时代，我们该如何高质量阅读？,http://mp.weixin.qq.com/s?__biz=MzU1ODgzOTcwMQ==&mid=2247483881&idx=1&sn=a0533f4c4fa238bae681b7677f014c88&chksm=fc212313cb56aa0513df6340ce4883917bf6461e428f987a6926c5cffca080a8745af4aa53ac#rd,1,2019-8-22,0.0,1.0,1.0,0.0,162.0,1.0,0.0
103,掌握这几步，你也能写出优秀的调研报告,http://mp.weixin.qq.com/s?__biz=MzU1ODgzOTcwMQ==&mid=2247483881&idx=2&sn=fd315456c3d2ce9b4bd91f8c96b2351f&chksm=fc212313cb56aa05e24f5ef9725fe584be925512a6cc34ae7a61b980fb7276805bda5866e5dd#rd,2,2019-8-22,0.0,1.0,1.0,0.0,207.0,0.0,0.0
104,历史上的大唐：县令到底有多忙？,http://mp.weixin.qq.com/s?__biz=MzU1ODgzOTcwMQ==&mid=2247483881&idx=3&sn=176916a4a913a51631604656e67df76b&chksm=fc212313cb56aa05f2df655d009c8fddeb1a4e99a797e473acd7ba959f6b17e045b10eb5cef6#rd,3,2019-8-22,0.0,1.0,1.0,0.0,59.0,0.0,0.0
105,都想着逃离基层，年轻干部断层怎么破？,http://mp.weixin.qq.com/s?__biz=MzU1ODgzOTcwMQ==&mid=2247483866&idx=1&sn=44c488237a42410395c71ff86ca94c59&chksm=fc212320cb56aa36cf41caf95a319c73d20a8061085acf9539bc9fe21e8d2b70efa9a9c4c834#rd,1,2019-8-15,0.0,1.0,1.0,0.0,190.0,0.0,0.0
106,收藏！公文写作标点易错“名单”,http://mp.weixin.qq.com/s?__biz=MzU1ODgzOTcwMQ==&mid=2247483866&idx=2&sn=739abf8b88950b12849a47c2974fcee7&chksm=fc212320cb56aa367b30a6f735ca2462d3c8101d7b5e1e67c24dcc8b4f335ae37702298b990c#rd,2,2019-8-15,0.0,1.0,1.0,0.0,90.0,0.0,0.0
107,这位敢烧皇帝手谕的“圣相”，不一般！,http://mp.weixin.qq.com/s?__biz=MzU1ODgzOTcwMQ==&mid=2247483866&idx=3&sn=5ebe9a80d9433d79183b524b5f64de9d&chksm=fc212320cb56aa36efd7d887542eb5d9b329f2b66cdd50b0c37da6de639708ff25a45378a89d#rd,3,2019-8-15,0.0,1.0,1.0,0.0,30.0,0.0,0.0
108,在单位，这些沟通技巧助你事半功倍！,http://mp.weixin.qq.com/s?__biz=MzU1ODgzOTcwMQ==&mid=2247483845&idx=1&sn=dbaa5d8b14138304f98d3c5b1ac1c4b1&chksm=fc21233fcb56aa29d908839e6705d99323fd1b4d9aa9951b82a3de37469b53bfa99be1d8839d#rd,1,2019-8-1,0.0,1.0,1.0,0.0,132.0,0.0,0.0
109,“率性”“时尚化”……“90后”的工作观有何不同？,http://mp.weixin.qq.com/s?__biz=MzU1ODgzOTcwMQ==&mid=2247483845&idx=2&sn=7c750d3e77437b07bb56a5f6355685d4&chksm=fc21233fcb56aa29599a6ce92ccb5a64319966b741bd0e939a410592fecc45708bc5af370fac#rd,2,2019-8-1,0.0,1.0,1.0,0.0,54.0,0.0,0.0
110,推荐收藏！ 一篇高水平的演讲稿，处处精彩,http://mp.weixin.qq.com/s?__biz=MzU1ODgzOTcwMQ==&mid=2247483845&idx=3&sn=6ad32348fa7955adccde893263058cdb&chksm=fc21233fcb56aa29085eace85d1edc3d6ecbc8b3208b68a188ec86d5cddc72237d1eb07c60b4#rd,3,2019-8-1,0.0,1.0,1.0,0.0,426.0,0.0,1.0
111,回归理性，让教育开支不再“沉重”,http://mp.weixin.qq.com/s?__biz=MzU1ODgzOTcwMQ==&mid=2247483830&idx=1&sn=ca2a228dcd625c19f6286956af3fc9fe&chksm=fc21234ccb56aa5a046cb2ae967df3033106b3a7c9101e70c2120b8da31ca265bbe89e98e33f#rd,1,2019-7-26,0.0,1.0,1.0,0.0,130.0,0.0,0.0
112,速看！最全的基层汇报材料写作攻略,http://mp.weixin.qq.com/s?__biz=MzU1ODgzOTcwMQ==&mid=2247483830&idx=2&sn=f2190906de7c3bbd3be2f3a761311104&chksm=fc21234ccb56aa5a94c498e86881c497e7411d972a2b00177b3dc205253168e2e9a72f4b8ae5#rd,2,2019-7-26,0.0,1.0,1.0,0.0,220.0,1.0,0.0
113,历史上的大唐，帝都长安靠谁守护？,http://mp.weixin.qq.com/s?__biz=MzU1ODgzOTcwMQ==&mid=2247483830&idx=3&sn=cd1c383eb1f26a337fa763bb94bb68c6&chksm=fc21234ccb56aa5a8b520f70afbd3abe7d6a1bdd04dd1e63b1defc91f24564b449021a6ee29c#rd,3,2019-7-26,0.0,1.0,1.0,0.0,50.0,0.0,0.0
114,大咖说：中等收入群体的“医疗焦虑”,http://mp.weixin.qq.com/s?__biz=MzU1ODgzOTcwMQ==&mid=2247483818&idx=1&sn=ec886b2473b75c32fe7ea8fd258fe319&chksm=fc212350cb56aa466e6eeffacf969c56ac2dde08f7890185fd6cccfd317b1001127a8dacf443#rd,1,2019-7-19,0.0,1.0,1.0,0.0,108.0,0.0,0.0
115,工作总结如何写出彩？请收好这份指南,http://mp.weixin.qq.com/s?__biz=MzU1ODgzOTcwMQ==&mid=2247483818&idx=2&sn=467895215d35191b61b13b803a45204a&chksm=fc212350cb56aa46f202ca5f34f66270113a7649290efd5318a79c6c74259bdc6fd31592ecd3#rd,2,2019-7-19,0.0,1.0,1.0,0.0,133.0,0.0,0.0
116,清末，那些出国留学的中国人,http://mp.weixin.qq.com/s?__biz=MzU1ODgzOTcwMQ==&mid=2247483818&idx=3&sn=31f31811d36dff69a072f5e2dad584db&chksm=fc212350cb56aa468c14e0a6af94c1b4ab63fc7db5047bfffd55355b1f5fa9e401037fc3f8aa#rd,3,2019-7-19,0.0,1.0,1.0,0.0,58.0,0.0,0.0
117,把握这4点，开会讲话才能更经典！,http://mp.weixin.qq.com/s?__biz=MzU1ODgzOTcwMQ==&mid=2247483806&idx=1&sn=1c3bc35ec349f93cd02940b8d600851c&chksm=fc212364cb56aa72f2324cc9dcdd9f3e61f8d46d422552a899f8190df9ce0faf95a574ce5364#rd,1,2019-7-12,0.0,1.0,1.0,0.0,255.0,3.0,0.0
118,会议纪要这样写，才专业！（推荐收藏）,http://mp.weixin.qq.com/s?__biz=MzU1ODgzOTcwMQ==&mid=2247483806&idx=2&sn=045496501c817e105fffbc1f1a38dc08&chksm=fc212364cb56aa725b5effba9b7cd956832d18165820c14c933c161d5641883f6333acb62f96#rd,2,2019-7-12,0.0,1.0,1.0,0.0,395.0,0.0,0.0
119,在古代看阅兵，是个啥感觉？,http://mp.weixin.qq.com/s?__biz=MzU1ODgzOTcwMQ==&mid=2247483806&idx=3&sn=5c628557695909010448d6a593c332bc&chksm=fc212364cb56aa7270ab7e1e71ea9fba406bd87037fc4c0c5e7d8f0c54c8fb4f1bf0bf5029ca#rd,3,2019-7-12,0.0,1.0,1.0,0.0,73.0,0.0,0.0
120,@领导干部 小心身边的“舒适陷阱”！,http://mp.weixin.qq.com/s?__biz=MzU1ODgzOTcwMQ==&mid=2247483792&idx=1&sn=2c98e147cdb3b96612191ef9873b15cd&chksm=fc21236acb56aa7c0336af0a224867503e3bb8e5f16e29b7d9a0c34f0841d6986a0628425464#rd,1,2019-7-5,0.0,1.0,1.0,0.0,87.0,0.0,0.0
121,揭秘古代假期：宋朝最让人羡慕,http://mp.weixin.qq.com/s?__biz=MzU1ODgzOTcwMQ==&mid=2247483792&idx=2&sn=fb087835a92c0c5d1d7a001f3c2c620b&chksm=fc21236acb56aa7c465f42377a7dc2e35b06c60b771007b1886628bef2020a2b5aa28d4ec153#rd,2,2019-7-5,0.0,1.0,1.0,0.0,109.0,1.0,0.0
122,公文写作如何不变形、不走样？这三个秘笈很实用！,http://mp.weixin.qq.com/s?__biz=MzU1ODgzOTcwMQ==&mid=2247483792&idx=3&sn=33690080d3ec233ac2547562d289c1de&chksm=fc21236acb56aa7c09f0a90990a1abccfe790f3dc42bde63c83298470e37c6ef3ce0142585c3#rd,3,2019-7-5,0.0,1.0,1.0,0.0,70.0,1.0,0.0
123,如何高效汇报工作，这三个技巧很重要！,http://mp.weixin.qq.com/s?__biz=MzU1ODgzOTcwMQ==&mid=2247483781&idx=1&sn=bb6e12c7727587a21c2f178e7963847b&chksm=fc21237fcb56aa69d73ffc3016a61f5c49103dfe7c376abfdbc44b6bab4d3aff2a1a20591ecb#rd,1,2019-6-28,0.0,1.0,1.0,0.0,151.0,0.0,0.0
124,暑假实习季，教你避开实习的那些坑！,http://mp.weixin.qq.com/s?__biz=MzU1ODgzOTcwMQ==&mid=2247483781&idx=2&sn=b0a40d30be9fbbf9b0aab7ec166bb464&chksm=fc21237fcb56aa69563cab5c380f2d7df300d2c321ea5ac2a1a85623ca23807103830247adf2#rd,2,2019-6-28,0.0,1.0,1.0,0.0,38.0,0.0,0.0
125,四招包会！教你搭好公文写作的结构框架,http://mp.weixin.qq.com/s?__biz=MzU1ODgzOTcwMQ==&mid=2247483781&idx=3&sn=a3789aef66fe86a018b8ab501f725b59&chksm=fc21237fcb56aa69eeb152d4893b74e86185c3ee87523b9e795098bb917efd81773055d7042e#rd,3,2019-6-28,0.0,1.0,1.0,0.0,112.0,0.0,0.0
126,机关说话之道：这三个技巧让你少走弯路！,http://mp.weixin.qq.com/s?__biz=MzU1ODgzOTcwMQ==&mid=2247483770&idx=1&sn=6789b27b01294dae7b18a035e81bb44d&chksm=fc212380cb56aa9616c8707117373201473ba546f7c158d69430e4a73323234db10d7823f493#rd,1,2019-6-20,0.0,1.0,1.0,0.0,772.0,0.0,0.0
127,材料写作的这六个“雷区”，千万别踩！,http://mp.weixin.qq.com/s?__biz=MzU1ODgzOTcwMQ==&mid=2247483770&idx=2&sn=fcda649fc750135fef47ec34c9dc9be4&chksm=fc212380cb56aa963e2120d8e149cada1573a1bb3acce295a6d258b48f3736f45c0ebd27841a#rd,2,2019-6-20,0.0,1.0,1.0,0.0,78.0,0.0,0.0
128,你以为古代就不用加班了吗？太天真！,http://mp.weixin.qq.com/s?__biz=MzU1ODgzOTcwMQ==&mid=2247483770&idx=3&sn=f111d9bc29324b1cdafbf4eded5d712f&chksm=fc212380cb56aa9642d09d8f89b67bac627de576958968806d6fd255de0c8759ee5bdef6a20f#rd,3,2019-6-20,0.0,1.0,1.0,0.0,43.0,1.0,0.0
129,看习总书记如何巧用数字讲中国故事,http://mp.weixin.qq.com/s?__biz=MzU1ODgzOTcwMQ==&mid=2247483758&idx=1&sn=976a60d711a4aef965c11a9037337a43&chksm=fc212394cb56aa8254299310b114aa4d6f530b6b869751b3d296439330d6cc88fadb84ffa699#rd,1,2019-6-14,0.0,1.0,1.0,0.0,123.0,3.0,0.0
130,中国科幻电影如何走向世界？,http://mp.weixin.qq.com/s?__biz=MzU1ODgzOTcwMQ==&mid=2247483758&idx=2&sn=5fad90526ae5adb2d76098d66a2b4fca&chksm=fc212394cb56aa829c0aa992d858978d50ce91b90e65e7cdeca0c46205fd979bf24040202c26#rd,2,2019-6-14,0.0,1.0,1.0,0.0,864.0,1.0,0.0
131,十招教你公文写作如何“完美收官”,http://mp.weixin.qq.com/s?__biz=MzU1ODgzOTcwMQ==&mid=2247483758&idx=3&sn=34b3fd67c4103e2e368320a6fe3d9dc1&chksm=fc212394cb56aa8220e1680161352ff39715655976d7e9ce20f523353b118cf99e7536cb9167#rd,3,2019-6-14,0.0,1.0,1.0,0.0,59.0,0.0,0.0
132,突发事件新闻发布会，四招教你如何不失言？,http://mp.weixin.qq.com/s?__biz=MzU1ODgzOTcwMQ==&mid=2247483746&idx=1&sn=e47b8e64d59658ecb0ba45efa6423121&chksm=fc212398cb56aa8e3a0322726743179e1d1a7b38bd4234987d026bbc95149193d435492eb777#rd,1,2019-6-6,0.0,1.0,1.0,0.0,258.0,0.0,0.0
133,“万事开头难”好公文的开头都长啥样？,http://mp.weixin.qq.com/s?__biz=MzU1ODgzOTcwMQ==&mid=2247483746&idx=2&sn=5590c4da55755b593de841eb56206627&chksm=fc212398cb56aa8e89a7875eb780f607bd54e16912dca090db2b82222a0b2d093247d5551a48#rd,2,2019-6-6,0.0,1.0,1.0,0.0,75.0,0.0,0.0
134,解密 | “愚人”曾国藩功成名就的权力密码,http://mp.weixin.qq.com/s?__biz=MzU1ODgzOTcwMQ==&mid=2247483746&idx=3&sn=114de1fca478322c910bfa18938151cd&chksm=fc212398cb56aa8e61d3ca078af6d94b6e2333ef6270083203c31ec41e22adfb736a40c997c9#rd,3,2019-6-6,0.0,1.0,1.0,0.0,55.0,0.0,0.0
135,随时可能挨一锤？基层干部的心病怎么破,http://mp.weixin.qq.com/s?__biz=MzU1ODgzOTcwMQ==&mid=2247483730&idx=1&sn=1f4bb798d94edd32f160960f57e11c0f&chksm=fc2123a8cb56aabe98ba40ad61c2a8691539d00b46281428ec1a566d1d426621ccdc74473d59#rd,1,2019-5-31,0.0,1.0,1.0,0.0,120.0,0.0,0.0
136,面对群众来访，  基层干部如何更好地接待？,http://mp.weixin.qq.com/s?__biz=MzU1ODgzOTcwMQ==&mid=2247483730&idx=2&sn=87152dce681043d0fce47b5153a1df20&chksm=fc2123a8cb56aabe5dacbbac2dc6724e50eac564a984e0cc8989bf063ada678ecbe78d253c04#rd,2,2019-5-31,0.0,1.0,1.0,0.0,38.0,0.0,0.0
137,一小时写好紧急文字材料，怎么办？,http://mp.weixin.qq.com/s?__biz=MzU1ODgzOTcwMQ==&mid=2247483730&idx=3&sn=f99b85423b191fe0521da58a191d1454&chksm=fc2123a8cb56aabe44bfdfe9869bc25db5426f80b988261a0b6a348512fde5ae2cf6046cb59a#rd,3,2019-5-31,0.0,1.0,1.0,0.0,65.0,0.0,0.0
138,跟习近平学讲好中国故事的五大艺术,http://mp.weixin.qq.com/s?__biz=MzU1ODgzOTcwMQ==&mid=2247483722&idx=1&sn=57a5d7b44370c6129e727eedcd2ce13c&chksm=fc2123b0cb56aaa6a16c9163313d61d5ee1b2ff7dd1bf74b698c4daa5360df1e665a505da2b5#rd,1,2019-5-24,0.0,1.0,1.0,0.0,64.0,0.0,0.0
139,舆情事件来临，领导干部如何正确应对？,http://mp.weixin.qq.com/s?__biz=MzU1ODgzOTcwMQ==&mid=2247483722&idx=2&sn=1bbeae745f61d01eb133eff4ded5a5c7&chksm=fc2123b0cb56aaa6fd64bbd7af754480e46612aa0f89bf6bffb5617e25a31ec0f4683f217682#rd,2,2019-5-24,0.0,1.0,1.0,0.0,99.0,0.0,0.0
140,公文小标题既想提纲挈领，又想非凡精妙？ 秘诀全在这了！,http://mp.weixin.qq.com/s?__biz=MzU1ODgzOTcwMQ==&mid=2247483722&idx=3&sn=fca807b023927e0446274406f8a38db6&chksm=fc2123b0cb56aaa6bebdf77de3502602dbd6ab90862a4cfbbc8feb6a870a2f34191f8726545b#rd,3,2019-5-24,0.0,1.0,1.0,0.0,78.0,0.0,0.0
141,日常工作，与上级领导沟通的“正确姿势”，你get到了吗？,http://mp.weixin.qq.com/s?__biz=MzU1ODgzOTcwMQ==&mid=2247483698&idx=1&sn=db382d6a3fb6509af54542a5f3e4adcd&chksm=fc2123c8cb56aade5efe078ddbabb48e6970954597140dc52b5ab2025befe376373482fbf6d7#rd,1,2019-5-17,0.0,1.0,1.0,0.0,92.0,0.0,0.0
142,领导一遍遍让你改稿，到底该改啥？,http://mp.weixin.qq.com/s?__biz=MzU1ODgzOTcwMQ==&mid=2247483698&idx=2&sn=9753f530aacc3b92c9ae742a96bec824&chksm=fc2123c8cb56aade3bbbd51c62c40d7e482b8c9423a8d6a43b99cc0f43ef29ac915747bffabf#rd,2,2019-5-17,0.0,1.0,1.0,0.0,77.0,0.0,0.0
143,哈哈哈哈，古代买房也疯狂！,http://mp.weixin.qq.com/s?__biz=MzU1ODgzOTcwMQ==&mid=2247483698&idx=3&sn=143634d36849252f6bf851934c249ea8&chksm=fc2123c8cb56aade785d7c21c60b6e4903fb081c0f3c52e6cee7c5710465655c622de8d18ada#rd,3,2019-5-17,0.0,1.0,1.0,0.0,21.0,0.0,0.0
144,大动作！人民论坛VIP这次的上新，可不一般,http://mp.weixin.qq.com/s?__biz=MzU1ODgzOTcwMQ==&mid=2247483686&idx=1&sn=aa4087bcd4d1722ebcf20912b8cf01bc&chksm=fc2123dccb56aaca4e6312c3486f6a62414c41df3cb59e3eb06de6ab4c134ffae82be8acf328#rd,1,2019-5-10,0.0,1.0,1.0,0.0,129.0,1.0,0.0
145,在机关工作，怎么说话才算得体？（实用）,http://mp.weixin.qq.com/s?__biz=MzU1ODgzOTcwMQ==&mid=2247483686&idx=2&sn=107280c8e322cd0f12754a8e1f6a7fdd&chksm=fc2123dccb56aaca67e3ed05f305a7023f40067b842a37f05781665f883ed54c28bdd9b13b82#rd,2,2019-5-10,0.0,1.0,1.0,0.0,80.0,0.0,0.0
146,读史 | 扒一扒！历四朝十帝的官场“不倒翁”,http://mp.weixin.qq.com/s?__biz=MzU1ODgzOTcwMQ==&mid=2247483686&idx=3&sn=c2a3e2f6c03feaf01bbd48506c1d02ed&chksm=fc2123dccb56aacafd5f9534d081c112c0aa72de80c45c8fef2b958eba5514b4d23a33d2ae3e#rd,3,2019-5-10,0.0,1.0,1.0,0.0,59.0,0.0,0.0
147,跟习近平学开场白•上篇,http://mp.weixin.qq.com/s?__biz=MzU1ODgzOTcwMQ==&mid=2247483669&idx=1&sn=ddb6eea89c556d7dbf592538fd2faa08&chksm=fc2123efcb56aaf904245e1b743237f37ae3076ff77b67e2c5ad14712c54cead82d1c89040fc#rd,1,2019-4-12,0.0,1.0,1.0,0.0,143.0,0.0,0.0
148,揭秘！那些机关牛人最不想告诉你的事……,http://mp.weixin.qq.com/s?__biz=MzU1ODgzOTcwMQ==&mid=2247483669&idx=2&sn=d406c71abfeba9688a893de64e0a54ba&chksm=fc2123efcb56aaf9bdfcd6d33486f91c194b61142d859269dcda8aec529885773e0bd1fb644f#rd,2,2019-4-12,0.0,1.0,1.0,0.0,113.0,1.0,0.0
149,听 | 开会发言，发现自己想讲的被别人说完了，怎么办？,http://mp.weixin.qq.com/s?__biz=MzU1ODgzOTcwMQ==&mid=2247483669&idx=3&sn=56911f278694b2cc005e5be10cc78e08&chksm=fc2123efcb56aaf9710bb3f432b9f9dea23b855c0ac6299b763c6b331b44315a88949e3bd037#rd,3,2019-4-12,0.0,1.0,1.0,0.0,97.0,0.0,0.0
