Unnamed: 0,title,link,post_index,date,have_chaolianjie,have_newmedia,have_tupian1yinpin1shipin,is_origin,read_num,like_num,old_like_num,lis_content,lis_content_like_num,lis_auther_reply,lis_auther_like_num,content
0,《学术前沿》杂志招聘编辑/研究员,http://mp.weixin.qq.com/s?__biz=MjM5NzA4MDIxNw==&mid=2649759787&idx=1&sn=8489af1fb8755f32f7f074d5a5a893ed&chksm=bedbfddd89ac74cba8858ddbfba1d35a4c3d59fdcbc5e93cd5964b2403d9218ac11db32e3a06#rd,1,2020-7-21,0.0,1.0,1.0,0.0,8281.0,18.0,22.0,,,,,
1,兰宜生：海南自贸港建设的机遇、挑战与政策建议,http://mp.weixin.qq.com/s?__biz=MjM5NzA4MDIxNw==&mid=2649759749&idx=1&sn=4ec1ab17aadb556c7a6a787324a0fed8&chksm=bedbfdf389ac74e5f08af86054b3f435293a66b91e41e978db8b908c9d9f34b6c8918edff92a#rd,1,2020-6-1,0.0,1.0,1.0,0.0,2014.0,13.0,5.0,,,,,
2,吴飞：人工智能终可“识别人心”,http://mp.weixin.qq.com/s?__biz=MjM5NzA4MDIxNw==&mid=2649759743&idx=1&sn=08d40e30b13691b4eea504988b8175d3&chksm=bedbc20989ac4b1ffc12b9e989904331ccb80a5fff5be797229c5d0131f3c60a8ef9eefd81ff#rd,1,2020-5-28,0.0,1.0,1.0,0.0,3083.0,19.0,5.0,,,,,
3,读心术的光与影：从水晶球到脑成像,http://mp.weixin.qq.com/s?__biz=MjM5NzA4MDIxNw==&mid=2649759737&idx=1&sn=f23ea396f35a0109128effc80d49d944&chksm=bedbc20f89ac4b19afd289c2a7dee27ed5fbeab0bd3ef3c3e43f34b2246389e0bb5b4c19a565#rd,1,2020-5-18,0.0,1.0,1.0,1.0,1308.0,9.0,1.0,,,,,
4,易宪容：后新冠疫情时代全球经济增长面临重大抉择,http://mp.weixin.qq.com/s?__biz=MjM5NzA4MDIxNw==&mid=2649759732&idx=1&sn=a4f6f15c1928489bd09e43667c924f78&chksm=bedbc20289ac4b14df990ccb2ad0b1be979442e181ad6354458947b6ff5b3072f919d5e16ed2#rd,1,2020-5-8,0.0,1.0,1.0,0.0,1257.0,8.0,1.0,,,,,
5,保建云：主权数字货币、金融科技创新与国际货币体系改革,http://mp.weixin.qq.com/s?__biz=MjM5NzA4MDIxNw==&mid=2649759724&idx=1&sn=e49f421663c58fb938c32e30519f2fbf&chksm=bedbc21a89ac4b0c69f5c37ae336f75e485f5fb924e407d5fe48cb4ee1960e3c0991e7c6efbd#rd,1,2020-4-28,0.0,1.0,1.0,0.0,680.0,5.0,0.0,,,,,
6,赵可金：为什么新冷战是不可能的？,http://mp.weixin.qq.com/s?__biz=MjM5NzA4MDIxNw==&mid=2649759713&idx=1&sn=61ddd8fc83c815a708f396faf0ca5c25&chksm=bedbc21789ac4b01518142d994a7c2e851ba4c53c1ae83d5bc89613bf13a735259b204f34f9e#rd,1,2020-4-27,0.0,1.0,1.0,0.0,1291.0,11.0,0.0,,,,,
7,徐飞：世界交通运输的发展趋势与挑战,http://mp.weixin.qq.com/s?__biz=MjM5NzA4MDIxNw==&mid=2649759708&idx=1&sn=09b710469e6850589eeade0415f79111&chksm=bedbc22a89ac4b3c485d40f2bbc0120a72c0a28a8c5abd92bd3017de94856d65e49ff3622463#rd,1,2020-4-24,0.0,1.0,1.0,0.0,6287.0,52.0,5.0,,,,,
8,王振民：大灾之中的省思,http://mp.weixin.qq.com/s?__biz=MjM5NzA4MDIxNw==&mid=2649759699&idx=1&sn=d84026da9093312bf35c67bc3aac3ee3&chksm=bedbc22589ac4b3319919e8263e48bdb2312bfa693d14c89ecd1ba5a3b7ddb051ae0c5f54908#rd,1,2020-4-24,0.0,1.0,1.0,0.0,4511.0,44.0,3.0,,,,,
9,胡正荣：人类命运共同体与文明交流互鉴——基于数字时代传播体系建设的思考,http://mp.weixin.qq.com/s?__biz=MjM5NzA4MDIxNw==&mid=2649759691&idx=1&sn=a703ec4e175ceeaccf92d1a9f95e8093&chksm=bedbc23d89ac4b2b5b9e3a09f9f365da1b900e7f15eae23083da69bf00ee90b243e63b8abed8#rd,1,2019-6-14,0.0,1.0,1.0,0.0,2210.0,7.0,2.0,,,,,
10,马怀德：新时代行政公益诉讼制度的发展与实践,http://mp.weixin.qq.com/s?__biz=MjM5NzA4MDIxNw==&mid=2649759682&idx=1&sn=b072797877f6207b9897c68a42d19198&chksm=bedbc23489ac4b22c0197c19187859bb4daf9dbb66c1263da01cf20071cfd20629142ef69ad4#rd,1,2019-5-22,0.0,1.0,1.0,1.0,1174.0,4.0,0.0,,,,,
11,霸权的操作技术：特朗普政府“极限施压”策略剖析,http://mp.weixin.qq.com/s?__biz=MjM5NzA4MDIxNw==&mid=2649759676&idx=1&sn=f1f19d98b7e56f5e4c075580aea21357&chksm=bedbc24a89ac4b5cc3718024c432acba03de3d91fc85c7aee8fe511b30e6ced9afc7679339ed#rd,1,2019-5-15,0.0,1.0,1.0,0.0,2617.0,11.0,0.0,,,,,
12,沈伟：中美贸易摩擦背后的深层次动因,http://mp.weixin.qq.com/s?__biz=MjM5NzA4MDIxNw==&mid=2649759671&idx=1&sn=d5c98f97527fd11acc2045eb4c3b76d9&chksm=bedbc24189ac4b57b4e5f8d7c3332c369583dd8f3c955d0facd5fdbca7af21aebead9effd376#rd,1,2019-5-13,0.0,1.0,1.0,1.0,4960.0,34.0,0.0,,,,,
13,严三九：媒体融合的关键要素,http://mp.weixin.qq.com/s?__biz=MjM5NzA4MDIxNw==&mid=2649759666&idx=1&sn=c202e1580728b274dd66ef93505ed6cf&chksm=bedbc24489ac4b522196d09f7156ce707509a691efbfa24ce7907fe6dffaaa6b46a5d6a879a5#rd,1,2019-5-8,0.0,1.0,1.0,1.0,1814.0,8.0,1.0,,,,,
14,长三角一体化需进一步明确核心区域规划,http://mp.weixin.qq.com/s?__biz=MjM5NzA4MDIxNw==&mid=2649759660&idx=1&sn=6a0cdc3840991040a562993a5aa9325c&chksm=bedbc25a89ac4b4c623e6955462ac3fce82b7b1773fe42b08242bdfda6d94720998418a7bedf#rd,1,2019-4-10,0.0,1.0,1.0,1.0,1247.0,5.0,0.0,,,,,
15,改革开放以来的中欧关系：竞争与合作,http://mp.weixin.qq.com/s?__biz=MjM5NzA4MDIxNw==&mid=2649759654&idx=1&sn=f79a9758e7ba49c7f65d8ed7c03d7f0d&chksm=bedbc25089ac4b4662cabf413dd2fb65ecfa800126def16c9c1f56b6a752b4ba1953995ff215#rd,1,2019-4-3,0.0,1.0,1.0,1.0,901.0,6.0,0.0,,,,,
16,从“错位的共识”到竞争对手：美国对华政策40年,http://mp.weixin.qq.com/s?__biz=MjM5NzA4MDIxNw==&mid=2649759648&idx=1&sn=a811e4c3bde8f5a551f6e06356f55e23&chksm=bedbc25689ac4b4096da7134ea917d7f0ee8d79082a9f20ac2a0800214416d2c8d30c21ce792#rd,1,2019-4-2,0.0,1.0,1.0,1.0,3483.0,17.0,0.0,,,,,
17,媒体融合的进化：从在线化到智能化,http://mp.weixin.qq.com/s?__biz=MjM5NzA4MDIxNw==&mid=2649759643&idx=1&sn=e5a22ea69b27e697e14db2a56af07b5f&chksm=bedbc26d89ac4b7b314a8ea8cda7ff4d26e5a6c936f88dfed8bdf2f79756fc2c2bb111bff097#rd,1,2019-4-1,0.0,1.0,1.0,0.0,1455.0,9.0,0.0,,,,,
18,刘元春：中美贸易摩擦的现实影响与前景探究,http://mp.weixin.qq.com/s?__biz=MjM5NzA4MDIxNw==&mid=2649759638&idx=1&sn=7165c5bc5f209c1e4378e45f69f9b37c&chksm=bedbc26089ac4b763edc0d04cdb4b7c46c5dc505c1b35bff167b501df5c73116947a1a662882#rd,1,2019-3-29,0.0,1.0,1.0,1.0,1421.0,2.0,0.0,,,,,
19,人工智能时代的新闻伦理：行动与治理,http://mp.weixin.qq.com/s?__biz=MjM5NzA4MDIxNw==&mid=2649759628&idx=1&sn=bc5a10b4d943b65d9736c06732272414&chksm=bedbc27a89ac4b6c3d2bf3e6bfaf6c4ccd7e6f05481a7e083b9b2a3b232eaaf806c77e7ca7b2#rd,1,2019-3-28,0.0,1.0,1.0,0.0,2403.0,11.0,0.0,,,,,
20,尹 浩：区块链技术的发展机遇与治理思路,http://mp.weixin.qq.com/s?__biz=MjM5NzA4MDIxNw==&mid=2649759620&idx=1&sn=74341fbc5279e05957432cc576e9f425&chksm=bedbc27289ac4b64095b8642eb0b25703f6c411b7d569050ef27fbe32b0dd1d80eb5e77bb7f0#rd,1,2019-2-27,0.0,1.0,1.0,1.0,1422.0,19.0,0.0,,,,,
21,吴 彤：关于人工智能发展与治理的若干哲学思考,http://mp.weixin.qq.com/s?__biz=MjM5NzA4MDIxNw==&mid=2649759607&idx=1&sn=79ec503d1dfae72dcb381e81794dbd97&chksm=bedbc28189ac4b97b9c1faf44209df93a2374e0519fb5d0fa97b7637d58ad35811209bcbe1c9#rd,1,2019-2-26,0.0,1.0,1.0,0.0,2233.0,16.0,0.0,,,,,
22,王君超：未来传播形态的三个重要维度,http://mp.weixin.qq.com/s?__biz=MjM5NzA4MDIxNw==&mid=2649759596&idx=1&sn=afca14c150c0d29b76c93c45c4c022db&chksm=bedbc29a89ac4b8c70907af8252a7c12540f39f8f54b289df110e46c9da078093aef43a26336#rd,1,2018-2-22,0.0,1.0,1.0,1.0,3458.0,0.0,19.0,,,,,
23,田国强：十九大与全面深化改革的新使命、新任务,http://mp.weixin.qq.com/s?__biz=MjM5NzA4MDIxNw==&mid=2649759592&idx=1&sn=c514efff2ba3e2c64d1b40b6c3e2d5a0&chksm=bedbc29e89ac4b882bb9d605bc86451e0999afcb14f0284bc620f4563752e55afa74110c6aea#rd,1,2018-2-22,0.0,1.0,1.0,1.0,1210.0,0.0,1.0,,,,,
24,刘卫平：中国经济调整与再平衡,http://mp.weixin.qq.com/s?__biz=MjM5NzA4MDIxNw==&mid=2649759588&idx=1&sn=212aaafcca5736a618448a02bfea0a24&chksm=bedbc29289ac4b843acdc3b15dcfc0a60cac3751fba587d6c9fa6b9d77f41911d01dc0bb897f#rd,1,2018-2-22,0.0,1.0,1.0,1.0,1547.0,0.0,8.0,,,,,
25,陈文玲：新时代的十大新消费趋势,http://mp.weixin.qq.com/s?__biz=MjM5NzA4MDIxNw==&mid=2649759584&idx=1&sn=bc7237cd8b5aba13b3180c7555bc6dd7&chksm=bedbc29689ac4b804d1689d7a5b60e364ffe595afe10c70179b8c1bf34c8f7dcefcbba076434#rd,1,2018-2-11,0.0,1.0,1.0,0.0,3125.0,1.0,18.0,,,,,
26,招聘公告|《学术前沿》杂志招聘期刊编辑,http://mp.weixin.qq.com/s?__biz=MjM5NzA4MDIxNw==&mid=2649759577&idx=1&sn=a3a98e4470c456aebb03c78624b709db&chksm=bedbc2af89ac4bb911e6975c4624a8faec2d0591af98b423030098ae110f6d899a52abe591dd#rd,1,2017-12-7,0.0,1.0,1.0,0.0,3172.0,0.0,14.0,,,,,
27,刘华杰 | 论博物学的复兴与未来生态文明,http://mp.weixin.qq.com/s?__biz=MjM5NzA4MDIxNw==&mid=2649759571&idx=1&sn=53399f80eafa853d7a32c92a154e8a66&chksm=bedbc2a589ac4bb38300d52927aca0a088383fdf955a3983ac0d5ac9fee5c445f66539a9874f#rd,1,2017-5-17,0.0,1.0,1.0,0.0,654.0,0.0,6.0,,,,,
28,陈文玲：“一带一路”建设开启新全球化伟大进程,http://mp.weixin.qq.com/s?__biz=MjM5NzA4MDIxNw==&mid=2649759568&idx=1&sn=65fd90c612a62396d68fe819714f239f&chksm=bedbc2a689ac4bb08bf7ea51967daa246e3967f4d0a0d7cd15f19faa3aa689725b030a9d6f32#rd,1,2017-5-11,0.0,1.0,1.0,1.0,3201.0,0.0,24.0,,,,,
29,【哀悼】孙国华：价值有普世性，但价值观没有,http://mp.weixin.qq.com/s?__biz=MjM5NzA4MDIxNw==&mid=2649759564&idx=1&sn=5bc7d15d51d2b8a032c814f98f7c2b47&chksm=bedbc2ba89ac4bace7ea250004629d1a198beab40c98012abac3be0c49b99e34ec4739ed302e#rd,1,2017-4-14,0.0,1.0,1.0,0.0,1799.0,0.0,29.0,,,,,
30,【重磅调查】十八大以来的反腐，您怎么看,http://mp.weixin.qq.com/s?__biz=MjM5NzA4MDIxNw==&mid=2649759555&idx=1&sn=7ac25f1bdec3802d6b051896c0246f28&chksm=bedbc2b589ac4ba39853a92d06732d2ef541ed3302405a1d7a2181fb35a69048345ad987ebf4#rd,1,2017-2-24,0.0,1.0,1.0,0.0,974.0,0.0,7.0,,,,,
31,张文木：印度洋是世界海权体系的中心,http://mp.weixin.qq.com/s?__biz=MjM5NzA4MDIxNw==&mid=2649759552&idx=1&sn=f7355d85e55575bb04fe9b8285bcd70c&chksm=bedbc2b689ac4ba014b744207d38d9ba891dbc518790a46fdc6da36f21f1e63e79f61a9c2bec#rd,1,2017-2-22,0.0,1.0,1.0,0.0,941.0,0.0,15.0,,,,,
32,张中祥：国有能源企业海外投资收购中的政策性银行支持,http://mp.weixin.qq.com/s?__biz=MjM5NzA4MDIxNw==&mid=2649759538&idx=1&sn=cf3704cdec5a20e4cf2935a8c920f050&chksm=bedbc2c489ac4bd2f2b6c94487ed097128fc1728abde6bb82fd68a8f339843195bc9237cb553#rd,1,2017-1-19,0.0,1.0,1.0,1.0,1911.0,4.0,6.0,,,,,
33,关于加强食品安全政府监管的若干思考,http://mp.weixin.qq.com/s?__biz=MjM5NzA4MDIxNw==&mid=2649759535&idx=1&sn=04d9cea3bdb0663306d152547782cf85&chksm=bedbc2d989ac4bcfe0061efedf2ee2b39871b7fffd5a95882cf1a04a02c9224fe372d186b513#rd,1,2016-11-18,0.0,1.0,1.0,0.0,721.0,1.0,2.0,,,,,
34,新型乡村治理：挑战及破解之道,http://mp.weixin.qq.com/s?__biz=MjM5NzA4MDIxNw==&mid=2649759532&idx=1&sn=6de41c336cb36871488696fa968c296a&chksm=bedbc2da89ac4bcc3320750e73bd83aaf60e8a9dbfbee2bdc675b91782ec773b19555476142d#rd,1,2016-9-13,0.0,1.0,1.0,1.0,1863.0,1.0,8.0,,,,,
35,吕新雨：国家政权与乡村建设——关于中国特殊性和普遍性的历史辩证,http://mp.weixin.qq.com/s?__biz=MjM5NzA4MDIxNw==&mid=2649759529&idx=1&sn=80bad2e456a21961facefc8bb55b03b9&chksm=bedbc2df89ac4bc9220de64bfd6e7f4f3f3d0c4e28f138252a19bc17d14bd370c0dc77bd542d#rd,1,2016-9-13,0.0,1.0,1.0,0.0,886.0,0.0,6.0,,,,,
36,长江中游城市群创新发展深度解析,http://mp.weixin.qq.com/s?__biz=MjM5NzA4MDIxNw==&mid=2649759528&idx=1&sn=ba97ef5b92bc6b4b310149ff1cea68ca&chksm=bedbc2de89ac4bc835ef8867da0cebed8ca8c3b7b3ec0faba81455344db436db1e9ff89c7707#rd,1,2016-9-12,0.0,1.0,1.0,1.0,1156.0,0.0,11.0,,,,,
37,当前农民收入增长趋势的变化及启示,http://mp.weixin.qq.com/s?__biz=MjM5NzA4MDIxNw==&mid=2649759525&idx=1&sn=f9b615a6be21a5b21a0291538ed43146&chksm=bedbc2d389ac4bc50a4237e2343a8d5025ede7eccca1bedbe0a1a3e2fc4b4cf72576dec1fd80#rd,1,2016-9-9,0.0,1.0,1.0,1.0,813.0,0.0,2.0,,,,,
38,徐 飞：中国高铁“走出去”的十大挑战与战略对策（上）,http://mp.weixin.qq.com/s?__biz=MjM5NzA4MDIxNw==&mid=2649759522&idx=1&sn=658f52d5440b81630989ef0c4f0d5efd&chksm=bedbc2d489ac4bc2f5caa2208fc7ca103efec24c4d5ae485ef573eea38af5bc44bc2073400e9#rd,1,2016-8-11,0.0,1.0,1.0,1.0,1447.0,5.0,9.0,,,,,
39,徐 飞：中国高铁“走出去”的十大挑战与战略对策（下）,http://mp.weixin.qq.com/s?__biz=MjM5NzA4MDIxNw==&mid=2649759522&idx=2&sn=102c5df23ca08ef0ac637750476ad2a7&chksm=bedbc2d489ac4bc2466a18b603ce91c699b0b0a2395ca59873800e9f96493fa350dd0b3e14cc#rd,2,2016-8-11,0.0,1.0,1.0,1.0,710.0,0.0,1.0,,,,,
40,陈平：金融原子论的误区,http://mp.weixin.qq.com/s?__biz=MjM5NzA4MDIxNw==&mid=2649759518&idx=1&sn=d516890f7fff92c655209ab41aaf16fd&chksm=bedbc2e889ac4bfef6ac321a23debea90759918e46809d2bf1c6c326906b336412a2995c87c7#rd,1,2016-8-2,0.0,1.0,1.0,1.0,535.0,0.0,2.0,,,,,
41,邵 峰：美国的反恐战略布局及其困境,http://mp.weixin.qq.com/s?__biz=MjM5NzA4MDIxNw==&mid=2649759518&idx=2&sn=5e0b7fe57429d7b7176e23fedf69ac8a&chksm=bedbc2e889ac4bfe979fc9081fb84300887c0274376c93df2fbfe536f40cadb652865b39ddc1#rd,2,2016-8-2,0.0,1.0,1.0,1.0,404.0,0.0,3.0,,,,,
42,蔡鹏鸿：美国全球布局下的亚太海洋霸权,http://mp.weixin.qq.com/s?__biz=MjM5NzA4MDIxNw==&mid=2649759518&idx=3&sn=7232c46b57b0d6a4b6dc98ac58541903&chksm=bedbc2e889ac4bfe9914830e3335d064bb87674a6588b2a329f017d9a83b3e9470712df6c2b4#rd,3,2016-8-2,0.0,1.0,1.0,1.0,470.0,0.0,1.0,,,,,
43,杨东：金融领域的颠覆创新与监管重构,http://mp.weixin.qq.com/s?__biz=MjM5NzA4MDIxNw==&mid=2649759513&idx=1&sn=b7f6482805b8a67d48f08f27994cc552&chksm=bedbc2ef89ac4bf9b7a3252a32bd2bc56bff076fc7a83743ba2f02b5a44d6434c8724a152458#rd,1,2016-7-15,0.0,1.0,1.0,1.0,497.0,0.0,2.0,,,,,
44,美国的全球经济战略前瞻,http://mp.weixin.qq.com/s?__biz=MjM5NzA4MDIxNw==&mid=2649759510&idx=2&sn=7db1d5c1699648d728850c5ea2265f41&chksm=bedbc2e089ac4bf699b7c085084300cdbb58ac071b9b7278ecba2fdb4af6a71dd78577e1f901#rd,2,2016-7-13,0.0,1.0,1.0,1.0,722.0,0.0,2.0,,,,,
45,从越共十二大看越南的道路与方向,http://mp.weixin.qq.com/s?__biz=MjM5NzA4MDIxNw==&mid=2649759505&idx=1&sn=e456b8d378bfe7b261e61148466e8f2f&chksm=bedbc2e789ac4bf141400d43f5cc3597cab5471c0887c2a9fd175d59981a5f930d3e71257afb#rd,1,2016-7-11,0.0,1.0,1.0,1.0,3902.0,1.0,12.0,,,,,
46,东北亚均衡者：韩国的区域战略选择,http://mp.weixin.qq.com/s?__biz=MjM5NzA4MDIxNw==&mid=2649759502&idx=1&sn=3c545f3605c572e608def2601e8b5958&chksm=bedbc2f889ac4bee223572f1a5e9d3922b88fddc71d04b2e6c40f7fbadce32bb06cad76c7af8#rd,1,2016-7-1,0.0,1.0,1.0,0.0,676.0,1.0,1.0,,,,,
47,钱军：中国金融改革的市场化进程前瞻,http://mp.weixin.qq.com/s?__biz=MjM5NzA4MDIxNw==&mid=2649759499&idx=1&sn=d699b477795b48b6edf5542622cb13a8&chksm=bedbc2fd89ac4beb21d0502991bd01d950a3accddea8b4e483f547465c44a0573769f82d3703#rd,1,2016-6-28,0.0,1.0,1.0,1.0,597.0,0.0,1.0,,,,,
48,当代世界的民粹主义：四种主要类型,http://mp.weixin.qq.com/s?__biz=MjM5NzA4MDIxNw==&mid=2649759496&idx=1&sn=687c360612a7698e1f1188766df42782&chksm=bedbc2fe89ac4be8f246e571680ac16cc7eff33f53bdcd3ced974d4a86530c3dfd9c8cdd0157#rd,1,2016-6-27,0.0,1.0,1.0,1.0,4028.0,2.0,13.0,,,,,
49,技术与正义：未来战争中的人工智能（下）,http://mp.weixin.qq.com/s?__biz=MjM5NzA4MDIxNw==&mid=2649759492&idx=1&sn=8a271a0b80ed8c19c566ae5b29833118&chksm=bedbc2f289ac4be467bac1578cb5ad2841a0ad50c079cdc464de19cd02d218bdf813c0a3cdc0#rd,1,2016-6-21,0.0,1.0,1.0,1.0,580.0,0.0,2.0,,,,,
50,技术与正义：未来战争中的人工智能（上）,http://mp.weixin.qq.com/s?__biz=MjM5NzA4MDIxNw==&mid=2649759489&idx=1&sn=3ad4b51cf06cc2b0038c4998d4df8b63&chksm=bedbc2f789ac4be133772da5b191cbffcb9585f038fa4702a8f9def3ba9c1649ba36b07b8be8#rd,1,2016-6-20,0.0,1.0,1.0,1.0,902.0,1.0,5.0,,,,,
51,吴冠军：“大他者”的喉中之刺,http://mp.weixin.qq.com/s?__biz=MjM5NzA4MDIxNw==&mid=402275836&idx=1&sn=81769df359c16d083f0ccab3a84e5fb0&chksm=34d1e00a03a6691c955a89fc4a7501c6608c57238d12e85c9269ec62698f7a3873d0fcc5cab9#rd,1,2016-4-12,0.0,1.0,1.0,1.0,1307.0,1.0,6.0,,,,,
52,中国互联网治理模式的演进与创新,http://mp.weixin.qq.com/s?__biz=MjM5NzA4MDIxNw==&mid=402180921&idx=1&sn=c534a55a7f9a78466d70a67da750ceee&chksm=34d316cf03a49fd97fa5fabb7248fb583fc9e9983a60709cd570ef08271612da9380d20914b8#rd,1,2016-4-8,0.0,1.0,1.0,1.0,1794.0,0.0,9.0,,,,,
53,全球网络空间治理的未来：主权、竞争与共识,http://mp.weixin.qq.com/s?__biz=MjM5NzA4MDIxNw==&mid=401655024&idx=1&sn=7f8464911f811976a877a00dc2935859&chksm=34db190603ac901045b45cdd98f6b486be02ad61856bcb60a9f8fc03d9c8fdbffedf08b207c4#rd,1,2016-3-15,0.0,1.0,1.0,1.0,1320.0,0.0,6.0,,,,,
54,公民程序性参与的现实问题与发展前景,http://mp.weixin.qq.com/s?__biz=MjM5NzA4MDIxNw==&mid=401542264&idx=1&sn=2c4343f85c93d5949681ae116484be5f&chksm=34c4d18e03b35898957820376dd572db1dc1a3db118dccfafe18f38bb090d6fc5b14f13f352f#rd,1,2016-3-4,0.0,1.0,1.0,1.0,641.0,0.0,6.0,,,,,
55,柳斌杰：国家形象是篇大文章,http://mp.weixin.qq.com/s?__biz=MjM5NzA4MDIxNw==&mid=401519622&idx=1&sn=72fd20d454a29635be53a9a23f71eda3&chksm=34c569f003b2e0e65e55a48d060752ea3e3b78601950a4f5d021eeb25b8d29fad0e448c3d733#rd,1,2016-3-3,0.0,1.0,1.0,1.0,1677.0,1.0,17.0,,,,,
56,探索复杂社会的治理之道,http://mp.weixin.qq.com/s?__biz=MjM5NzA4MDIxNw==&mid=401484698&idx=1&sn=522f22457b1725d57e57e8b607a0241f&chksm=34c5f66c03b27f7a75a240c3dc79bbb4f07aa425e71f3a987e9794bbed6da3d1d74dbd9c5cec#rd,1,2016-3-1,0.0,1.0,1.0,1.0,2721.0,1.0,13.0,,,,,
57,陆军：高铁时代的中国区域发展研究,http://mp.weixin.qq.com/s?__biz=MjM5NzA4MDIxNw==&mid=401396283&idx=1&sn=8b280e14659bcba4de1c7f300827150f&chksm=34c70fcd03b086dbcbe7b1c0047034429c9ad661e0dddea0b971d9addf666e25d4bd3f6b88d5#rd,1,2016-2-19,0.0,1.0,1.0,1.0,1533.0,0.0,8.0,,,,,
58,从制度规定性看国企改革的本质与方向,http://mp.weixin.qq.com/s?__biz=MjM5NzA4MDIxNw==&mid=401380676&idx=1&sn=f5d899313ea9373fd59b340ddf91ac54&chksm=34c748b203b0c1a4d86da70c2d672af915a9af7ddaddafeb61554fa2de052e189e70912a43cb#rd,1,2016-2-17,0.0,1.0,1.0,1.0,742.0,0.0,1.0,,,,,
59,刘应杰：长江经济带建设的五大关键措施,http://mp.weixin.qq.com/s?__biz=MjM5NzA4MDIxNw==&mid=401373887&idx=1&sn=382b9a4877761e8415ad0582f4b33469&chksm=34c7a74903b02e5ff0c188bbbfb56c1c453b55dd0de43bdae99203dd507ed3170d4018e5c5f0#rd,1,2016-2-16,0.0,1.0,1.0,1.0,1135.0,0.0,13.0,,,,,
60,徐 飞：中国高铁的全球战略价值,http://mp.weixin.qq.com/s?__biz=MjM5NzA4MDIxNw==&mid=401321637&idx=1&sn=edd8382b24992df513bc85acac22fd02&chksm=34c0735303b7fa4597571907b1080c16b16b1c18d8589cd5e42856bb489fd7d92bd4adf3ec3d#rd,1,2016-2-3,0.0,1.0,1.0,1.0,11243.0,2.0,27.0,,,,,
61,习仲勋对建立和巩固西北人民民主政权的贡献,http://mp.weixin.qq.com/s?__biz=MjM5NzA4MDIxNw==&mid=401182467&idx=1&sn=9a88a2e08578eb273df0733eab346801&chksm=34c252f503b5dbe35b7174c4e68627460b5bedeb513d785bda4698d01ca223c212212f670524#rd,1,2016-1-15,0.0,1.0,1.0,1.0,1607.0,3.0,10.0,,,,,
62,欢迎订阅2016年全年杂志,http://mp.weixin.qq.com/s?__biz=MjM5NzA4MDIxNw==&mid=400960338&idx=1&sn=ac4543d38f331a163aa6413cdda06131&chksm=34cdf6a403ba7fb2ae245b9b51289244a65d7949a6bd6cb85f15951c6c476db9d4b54d45a001#rd,1,2015-12-28,0.0,1.0,1.0,1.0,454.0,0.0,3.0,,,,,
63,夏书章：中国梦与人类梦,http://mp.weixin.qq.com/s?__biz=MjM5NzA4MDIxNw==&mid=400821593&idx=1&sn=8fac87db64ce0dc8e49c94981ab8dc94&chksm=34cfd0af03b859b97870c92584460217c641a16e53ba52c7b54bed32f4b333adff27cae7f6a1#rd,1,2015-12-21,0.0,1.0,1.0,1.0,1161.0,0.0,3.0,,,,,
64,庞金友：全球性大国不是什么,http://mp.weixin.qq.com/s?__biz=MjM5NzA4MDIxNw==&mid=400734095&idx=1&sn=a4328a374044f567168abe4756ba1e9b&chksm=34c96a7903bee36fdba16b8dd8222ec9c17e9d7562ae657211b036a024f84cea7c99506f4fa8#rd,1,2015-12-17,0.0,1.0,1.0,1.0,1307.0,0.0,8.0,,,,,
65,欢迎订阅2016年全年杂志,http://mp.weixin.qq.com/s?__biz=MjM5NzA4MDIxNw==&mid=208137796&idx=1&sn=2eeb2b0873d76e29ad70cd686aa13dc5&chksm=2f4c33b2183bbaa4be009099d2c9a979d81a36ca15cdf2d8ed12717a070b9e3fa9e966640ceb#rd,1,2015-10-6,0.0,1.0,1.0,1.0,638.0,0.0,1.0,,,,,
66,张为志：非现场经济与智慧共享体系简论,http://mp.weixin.qq.com/s?__biz=MjM5NzA4MDIxNw==&mid=208125960&idx=1&sn=de9b1f8f1bb9bc5ffb97d5e3c1ee9d0e&chksm=2f4c1dfe183b94e8c9ab6026d1b034ac0e773cd6d773f2238b14e0dbf13c57d9e75b480dd4df#rd,1,2015-10-4,0.0,1.0,1.0,1.0,2049.0,0.0,6.0,,,,,
67,谋局2020：中国的区域经济新体系,http://mp.weixin.qq.com/s?__biz=MjM5NzA4MDIxNw==&mid=208122526&idx=1&sn=f04d8e4cec9f2d2943c5ef893daba6e4&chksm=2f4c6f68183be67e9b511d6cbf56e29c4172e7a63a3f8f4eb549cf30ec1f287013a98c3c3c30#rd,1,2015-10-3,0.0,1.0,1.0,1.0,2803.0,0.0,3.0,,,,,
68,潘英丽：人民币离岸市场的全局战略构想（上）,http://mp.weixin.qq.com/s?__biz=MjM5NzA4MDIxNw==&mid=208117060&idx=1&sn=9b33716f97396b33db944885672167b6&chksm=2f4c40b2183bc9a42fd8a08ebd2a731a3203d4719d1f5c070d414025931a0e5e019f33639ca4#rd,1,2015-10-2,0.0,1.0,1.0,1.0,1084.0,2.0,2.0,,,,,
69,潘英丽：人民币离岸市场的全局战略构想（下）,http://mp.weixin.qq.com/s?__biz=MjM5NzA4MDIxNw==&mid=208117060&idx=2&sn=60bcaecc216642b22eb3b6e788b2176d&chksm=2f4c40b2183bc9a4b2a362349628b29937c9d99259136855f0f03070579a744e8a09e1deb1d1#rd,2,2015-10-2,0.0,1.0,1.0,1.0,524.0,0.0,0.0,,,,,
70,欢迎订阅2016年杂志,http://mp.weixin.qq.com/s?__biz=MjM5NzA4MDIxNw==&mid=208117060&idx=3&sn=7f642e7b322cf77c07a4fafee87c7288&chksm=2f4c40b2183bc9a4982da03fa952e31aa67f935d2d6a7cba98bd93d7069ba1f36cb5cb4cc727#rd,3,2015-10-2,0.0,1.0,1.0,1.0,248.0,0.0,1.0,,,,,
71,“新四沿”战略：打开区域发展大格局,http://mp.weixin.qq.com/s?__biz=MjM5NzA4MDIxNw==&mid=207905268&idx=1&sn=55b8ad0b34b9404cfee7a6d5d66b8fb7&chksm=2f4fbc0218383514efab8c948d81088acfff48d136f7136bdb80623c52279cd87ceb66ab88a6#rd,1,2015-9-10,0.0,1.0,1.0,1.0,1036.0,0.0,5.0,,,,,
72,抗日根据地军事工业的开创与振兴,http://mp.weixin.qq.com/s?__biz=MjM5NzA4MDIxNw==&mid=207896453&idx=1&sn=e9b46acda12286f73518587510e3eea2&chksm=2f4fe27318386b6552bb35cbf3c035e330d661f6b9afdfba78d5825cfeccf78964208f2d8675#rd,1,2015-9-9,0.0,1.0,1.0,1.0,575.0,0.0,5.0,,,,,
73,中日关系“安全困境”的军国主义阴云,http://mp.weixin.qq.com/s?__biz=MjM5NzA4MDIxNw==&mid=207874120&idx=1&sn=b5d4e9e8f10db7e1d0c99e4c93a99caf&chksm=2f4835be183fbca85aef6a2fde321b95bec5836f7470e30f446c163e7fa82adaf3a0542383e6#rd,1,2015-9-6,0.0,1.0,1.0,1.0,885.0,0.0,2.0,,,,,
74,中国语境中的技术变革与“互联网＋”,http://mp.weixin.qq.com/s?__biz=MjM5NzA4MDIxNw==&mid=207785459&idx=1&sn=f6f7c0cdf3883b5fa713f6e1cf727561&chksm=2f495005183ed91300d909c4043f99ad11b599d193cb548e419a5afd804efdbcb0ba4401d3fd#rd,1,2015-8-26,0.0,1.0,1.0,1.0,1003.0,0.0,2.0,,,,,
75,军国主义阴魂不散的思想根源,http://mp.weixin.qq.com/s?__biz=MjM5NzA4MDIxNw==&mid=207664581&idx=1&sn=c5bfd1832d4be07e3690bfc3fd4928f6&chksm=2f4b6833183ce12519d3a3c82153a3955b527500c5d58fd965d7a153dd37d75a5c907721e147#rd,1,2015-8-11,0.0,1.0,1.0,1.0,1118.0,1.0,9.0,,,,,
76,蔡鹏鸿：互联互通战略与中国国家安全,http://mp.weixin.qq.com/s?__biz=MjM5NzA4MDIxNw==&mid=207635156&idx=1&sn=11849cdcc8df73884da5caede906623d&chksm=2f4b9f22183c16343775aca357111d635e57f50d37e0b9fc6f16bf6cf40e245d001cc0349793#rd,1,2015-8-7,0.0,1.0,1.0,1.0,626.0,0.0,0.0,,,,,
77,政府与市场关系之困：公用事业市场化改革的中国之路,http://mp.weixin.qq.com/s?__biz=MjM5NzA4MDIxNw==&mid=207499609&idx=1&sn=8d8ad4f72001328c0d5f8204b89b818b&chksm=2f75ecaf180265b9142e55d3823b7951947fe5d8d08db767d238968c97037de7ff99ba6cff9f#rd,1,2015-7-23,0.0,1.0,1.0,1.0,1575.0,1.0,8.0,,,,,
78,从文明转型视角看“互联网＋”,http://mp.weixin.qq.com/s?__biz=MjM5NzA4MDIxNw==&mid=206964706&idx=1&sn=21547eb439d794f7552865638781673d&chksm=2f7dda14180a53023dd5ea4e81ecc962c6ee1758fdade1490d99efeb0813bf056fb318301e48#rd,1,2015-6-30,0.0,1.0,1.0,1.0,1366.0,0.0,6.0,,,,,
79,环中国海文化共同体重建大战略,http://mp.weixin.qq.com/s?__biz=MjM5NzA4MDIxNw==&mid=206529465&idx=1&sn=eb88a34901ec0af613cff3fc97b95775&chksm=2f64be4f181337590bb81ed783cafef50ebfa07e1437033a90c033c1c10114fed779cb47d9d5#rd,1,2015-6-18,0.0,1.0,1.0,1.0,644.0,0.0,3.0,,,,,
80,“互联网＋”下的社会治理转型,http://mp.weixin.qq.com/s?__biz=MjM5NzA4MDIxNw==&mid=206496059&idx=1&sn=0dc4ff9894418008c7a99c2686a37a42&chksm=2f653ccd1812b5db7d35ccc4205c6d557be1df2fd8565802564d1f4924df6c01ab5b5ae9726a#rd,1,2015-6-17,0.0,1.0,1.0,1.0,2309.0,0.0,8.0,,,,,
81,论秩序与社会历史秩序,http://mp.weixin.qq.com/s?__biz=MjM5NzA4MDIxNw==&mid=205912553&idx=1&sn=a403f1738316befa1a1822e6c6a4e2f4&chksm=2f6e241f1819ad09636180f26540926544e28c093e975e12319382ca667a83471e6bb8b0a457#rd,1,2015-6-1,0.0,1.0,1.0,1.0,1128.0,0.0,5.0,,,,,
82,秩序与规则何以具有决定意义,http://mp.weixin.qq.com/s?__biz=MjM5NzA4MDIxNw==&mid=205912553&idx=2&sn=cf0c8662d6faf9a3b991e49674196cdd&chksm=2f6e241f1819ad0951f289ff81ca5139579c6bd503d418372e7de32a45fcf4fd40c83808bec1#rd,2,2015-6-1,0.0,1.0,1.0,1.0,648.0,1.0,5.0,,,,,
83,秩序与文明,http://mp.weixin.qq.com/s?__biz=MjM5NzA4MDIxNw==&mid=205912553&idx=3&sn=5b9989a84af359705f401efd72612f9b&chksm=2f6e241f1819ad095e14854784df743f8862dd72696bf40f11efa8db74e9f7ccbdd3778376f7#rd,3,2015-6-1,0.0,1.0,1.0,0.0,897.0,0.0,4.0,,,,,
84,社会秩序的现代变迁,http://mp.weixin.qq.com/s?__biz=MjM5NzA4MDIxNw==&mid=205912553&idx=4&sn=5e3b4988b0e165549e9dfae3d30b1b0c&chksm=2f6e241f1819ad09f0bbed7e668a63d555d454044a5c2e54c55ec96f39e794436326fd8a8756#rd,4,2015-6-1,0.0,1.0,1.0,1.0,603.0,0.0,3.0,,,,,
85,“数据治国”的三个关键理念,http://mp.weixin.qq.com/s?__biz=MjM5NzA4MDIxNw==&mid=205489133&idx=1&sn=de18006ecf68e2d1f5222588935f1537&chksm=2f145e1b1863d70d5ea549ca75ca72c130bd117aaa8a9fd88328cb89098293784525f56ff120#rd,1,2015-5-19,0.0,1.0,1.0,1.0,1579.0,0.0,5.0,,,,,
86,西欧分离主义的发展趋势前瞻,http://mp.weixin.qq.com/s?__biz=MjM5NzA4MDIxNw==&mid=205179772&idx=1&sn=2d1a16c39404c62a19e7ef47acd3a8d5&chksm=2f11168a18669f9ca84dd43968c187438bc482a91b830089454d41ff949145fff61beaa93e44#rd,1,2015-5-11,0.0,1.0,1.0,1.0,1369.0,0.0,13.0,,,,,
87,近现代欧洲的民族分离主义解析,http://mp.weixin.qq.com/s?__biz=MjM5NzA4MDIxNw==&mid=205039756&idx=1&sn=ef0623242c0db26febb2feb85b590066&chksm=2f13757a1864fc6c1eb6105eeee8344dc4c7b61d1369ff4d3f5e12466203c7e075acba1c13a6#rd,1,2015-5-6,0.0,1.0,1.0,1.0,1480.0,0.0,13.0,,,,,
88,“中等收入陷阱”，本身就是理论陷阱？,http://mp.weixin.qq.com/s?__biz=MjM5NzA4MDIxNw==&mid=204935690&idx=1&sn=8aa8b958aed5d41c35326b393ddb07cb&chksm=2f1ccffc186b46ea0cf6caeb2951009eba7578a2c79e0452232da3887ff577253e62dfb6165d#rd,1,2015-5-4,0.0,1.0,1.0,1.0,3192.0,0.0,19.0,,,,,
89,​为什么要深入探讨价值与价值观的问题,http://mp.weixin.qq.com/s?__biz=MjM5NzA4MDIxNw==&mid=204482230&idx=1&sn=2d73cbcebae071e132d536a3aba33147&chksm=2f1bfb40186c72563c81826a6843c5fed4766681b860ae62504f03808975d65b72e509f9f43a#rd,1,2015-4-20,0.0,1.0,1.0,1.0,1682.0,2.0,7.0,,,,,
90,论政治妥协的价值和规律,http://mp.weixin.qq.com/s?__biz=MjM5NzA4MDIxNw==&mid=204123575&idx=1&sn=a3c9ac56addbf6de62bdbf87c3f2808d&chksm=2f0170411876f9579e2e4b8a92a7ab039f900f9ed887bbe8509322506ef145bf7bca6fcd1b5c#rd,1,2015-4-9,0.0,1.0,1.0,0.0,735.0,0.0,4.0,,,,,
91,浅析俄罗斯发展中的政治妥协,http://mp.weixin.qq.com/s?__biz=MjM5NzA4MDIxNw==&mid=204123575&idx=2&sn=746ae705e96ad59242d95ea80a081368&chksm=2f0170411876f9573474429669e599af8e806ac859887f6ca18830b4f608f721da5b366bccd2#rd,2,2015-4-9,0.0,1.0,1.0,0.0,397.0,0.0,2.0,,,,,
92,政治妥协的现实制度框架,http://mp.weixin.qq.com/s?__biz=MjM5NzA4MDIxNw==&mid=204123575&idx=3&sn=0577dd6a11f23d8ee95cf823e5f9988c&chksm=2f0170411876f9577666e2589c71739acb1f397d093eecfdc298ca562f5ff36b9201f2c91ef5#rd,3,2015-4-9,0.0,1.0,1.0,0.0,449.0,0.0,1.0,,,,,
93,“主场外交”与中国的全球话语权,http://mp.weixin.qq.com/s?__biz=MjM5NzA4MDIxNw==&mid=204071903&idx=1&sn=d750246399667f92e232704de28bf6f0&chksm=2f023e291875b73f6c60f102f6ad5937df2b62f412c05cdb277678d969776d1754e53666d5cc#rd,1,2015-4-8,0.0,1.0,1.0,1.0,653.0,0.0,3.0,,,,,
94,亚洲“不对称格局”与中国的宝贵机遇,http://mp.weixin.qq.com/s?__biz=MjM5NzA4MDIxNw==&mid=204038014&idx=1&sn=bc6b163122404c552fe757a8682a4f45&chksm=2f02828818750b9e5aa436a9b87b31aa83a1a4acd8768e7d366a46813953e5da2ba72813d8c4#rd,1,2015-4-7,0.0,1.0,1.0,1.0,3071.0,0.0,14.0,,,,,
95,中亚地区何以成为霸权国家坟墓,http://mp.weixin.qq.com/s?__biz=MjM5NzA4MDIxNw==&mid=203941703&idx=1&sn=03f98a3c7fef0a6603cd85e3ee0c122d&chksm=2f0c3ab1187bb3a7fa1b1fe7ef8db54f0a622eedcfbfc1ad4125a8bed3446d57b74edad21f2e#rd,1,2015-4-3,0.0,1.0,1.0,0.0,3315.0,0.0,11.0,,,,,
96,刘红凛：信息化时代的政党变革,http://mp.weixin.qq.com/s?__biz=MjM5NzA4MDIxNw==&mid=203918789&idx=1&sn=9ea51da1c71f902cea3c1e961d9ac9d2&chksm=2f0c5033187bd925ff83bd8ac4f97607bc63d967ea45c3c636d0287fd276796a1b96972d04e0#rd,1,2015-4-2,0.0,1.0,1.0,0.0,468.0,0.0,1.0,,,,,
97,自由主义的空谈与两难,http://mp.weixin.qq.com/s?__biz=MjM5NzA4MDIxNw==&mid=203902298&idx=1&sn=d4318bf02e1789b72e22f758247bbbf2&chksm=2f0c90ac187b19ba593263ecbf262942b2f01afaf10ea28ff5858d50df5594b2ce3e48498b07#rd,1,2015-4-1,0.0,1.0,1.0,0.0,558.0,0.0,2.0,,,,,
98,古典自由主义：自我“修正”与演变,http://mp.weixin.qq.com/s?__biz=MjM5NzA4MDIxNw==&mid=203872843&idx=1&sn=160e5c70515c778377893f37257c9d79&chksm=2f0d07bd187a8eab4cdd726e82783c4cf1261f4e38b5d0c5d9b17a31cffef948be66f1dfc5a3#rd,1,2015-3-31,0.0,1.0,1.0,0.0,326.0,0.0,1.0,,,,,
99,王志伟：论经济自由主义的意义与局限,http://mp.weixin.qq.com/s?__biz=MjM5NzA4MDIxNw==&mid=203855943&idx=1&sn=29382150db6ae8e82277d747c617f967&chksm=2f0d45b1187acca743d043a2f662f8d3caabc6753d17bb0a43246ff3eb08d185ea65031578a4#rd,1,2015-3-30,0.0,1.0,1.0,0.0,493.0,0.0,4.0,,,,,
100,吴冠军：伯林“终身问题”,http://mp.weixin.qq.com/s?__biz=MjM5NzA4MDIxNw==&mid=203780056&idx=1&sn=86dccf92ca56da966723ac6f06e1cc08&chksm=2f0eb22e18793b388c2416088751e17146d26c4bf707d0329f3302f007a7d736f6a763f504ee#rd,1,2015-3-27,0.0,1.0,1.0,0.0,524.0,0.0,6.0,,,,,
101,绿色海洋观：历史传承与理论创新,http://mp.weixin.qq.com/s?__biz=MjM5NzA4MDIxNw==&mid=203753447&idx=1&sn=2db0552c0fd7ed54ae752e6ecc004233&chksm=2f0eda11187953074205035720635c371b08bcb6a3347445186ee38bd875ed720d1480cabad8#rd,1,2015-3-26,0.0,1.0,1.0,0.0,388.0,0.0,2.0,,,,,
102,习近平制度建设思想梳理分析,http://mp.weixin.qq.com/s?__biz=MjM5NzA4MDIxNw==&mid=203305235&idx=1&sn=13d8a9b457da773972fbac28f4f240e3&chksm=2f35ece5184265f3deda9ed87243cf137ed976d1cf1638a58801d70899778ddd69f81926f677#rd,1,2015-3-6,0.0,1.0,1.0,0.0,936.0,0.0,7.0,,,,,
103,习仲勋与西北人民革命大学,http://mp.weixin.qq.com/s?__biz=MjM5NzA4MDIxNw==&mid=203153883&idx=1&sn=cf7b59a2ad1f4fb063b94aa2fc95f563&chksm=2f303c2d1847b53b9206343581f92e83bf656306510c3cfcb0b2e419601d659e0e125dfb7c77#rd,1,2015-2-27,0.0,1.0,1.0,0.0,1342.0,0.0,12.0,,,,,
104,郇庆治：中国生态文明的价值理念与思维方式,http://mp.weixin.qq.com/s?__biz=MjM5NzA4MDIxNw==&mid=202871749&idx=1&sn=12073833e201b5d71f8135cdc67e77ac&chksm=2f3c4e33184bc725f0b66a5568054bb46e5cd6794fe25b2e506a8a7cb075f4c37d0dc141038d#rd,1,2015-2-10,0.0,1.0,1.0,0.0,763.0,0.0,6.0,,,,,
105,杨开忠：调整疏解北京城市功能的几个基本问题,http://mp.weixin.qq.com/s?__biz=MjM5NzA4MDIxNw==&mid=202849934&idx=1&sn=a58202034b48abfdc1d046a68c96fe2e&chksm=2f3ce378184b6a6ee759828956c5e31bb80a099ce1a95f8368958cb2bef9b18028bb8d2e0e57#rd,1,2015-2-9,0.0,1.0,1.0,0.0,1818.0,0.0,10.0,,,,,
106,徐向梅：乌克兰危机下的俄罗斯政经局势分析,http://mp.weixin.qq.com/s?__biz=MjM5NzA4MDIxNw==&mid=202761106&idx=1&sn=d793e055cf61bf2fcbef670cbe1c05c8&chksm=2f3e3e641849b77205da2fba9adb4ebb571b0528c63a9cb6edc104cd8d516085409f53bdb057#rd,1,2015-2-5,0.0,1.0,1.0,0.0,434.0,0.0,5.0,,,,,
107,赵月枝：什么是中国故事的力量之源,http://mp.weixin.qq.com/s?__biz=MjM5NzA4MDIxNw==&mid=202706721&idx=1&sn=d8edb6039a3fac79bcd2d86f1624a894&chksm=2f3ed2d718495bc18150fade431ebfcb5b552d7628e8f2d1955b3dcdb82f6625e43870697357#rd,1,2015-2-2,0.0,1.0,1.0,0.0,906.0,0.0,8.0,,,,,
108,中国古代治吏之法的得失借鉴,http://mp.weixin.qq.com/s?__biz=MjM5NzA4MDIxNw==&mid=202336717&idx=1&sn=e0d1550a3de103cbca690157e67c561b&chksm=2f24b43b18533d2d6907a3d75e7d52d73ac5e613f7d5190da8b47885f9daf002468c0b9fe0ff#rd,1,2015-1-15,0.0,1.0,1.0,0.0,773.0,0.0,4.0,,,,,
109,论国家战略传播的道义感召力,http://mp.weixin.qq.com/s?__biz=MjM5NzA4MDIxNw==&mid=202223118&idx=1&sn=ab54e88b952fe686d176e7d15005e343&chksm=2f2673f81851faee5c56a9971e015a7252f6a26d4be4a97aa6d155cd6a5830af509cba58768d#rd,1,2015-1-9,0.0,1.0,1.0,0.0,370.0,0.0,1.0,,,,,
110,对东欧社会主义政治模式的思考,http://mp.weixin.qq.com/s?__biz=MjM5NzA4MDIxNw==&mid=201757272&idx=1&sn=00e693ef0c308c8bca3c400a98b9a9f3&chksm=2f2d4fae185ac6b88534123f20652aef6262d723711806ad607643e4351ebb57e7045bf247b6#rd,1,2014-12-17,0.0,1.0,1.0,0.0,928.0,0.0,7.0,,,,,
111,秦前红：从“以法治国”到“依宪治国”,http://mp.weixin.qq.com/s?__biz=MjM5NzA4MDIxNw==&mid=201643234&idx=1&sn=c426f1851e779d2ce87efc61c0655cab&chksm=2f2f091418588002fe9e8a45dec975e51bf307b1a9181198429814b529c2a3b5d0b7846b5c22#rd,1,2014-12-11,0.0,1.0,1.0,0.0,548.0,0.0,6.0,,,,,
112,法治中国同样需要礼教文明重建,http://mp.weixin.qq.com/s?__biz=MjM5NzA4MDIxNw==&mid=201612652&idx=1&sn=ccaeabc491322475a9ac4044248d4f71&chksm=2f2f809a1858098ce0df4d4214ff171f692b409f93f754055a7c4acc79c721fb40623f1e45eb#rd,1,2014-12-9,0.0,1.0,1.0,0.0,734.0,0.0,2.0,,,,,
113,奥斯曼帝国入侵后的东欧国家之殇,http://mp.weixin.qq.com/s?__biz=MjM5NzA4MDIxNw==&mid=201212680&idx=1&sn=fed7d95c4308d880074cb7bcbe305dc0&chksm=28d59efe1fa217e8140353499d8996ac988331fd32ad415f3a12f99d85243fd0eb1e951eb974#rd,1,2014-11-17,0.0,1.0,1.0,0.0,870.0,0.0,2.0,,,,,
114,孔寒冰：大国阴影下的东欧社会转型历程,http://mp.weixin.qq.com/s?__biz=MjM5NzA4MDIxNw==&mid=201154335&idx=1&sn=fc20bdf6002840e65d85fba452fad09b&chksm=28d682e91fa10bff82b356a627bbd5b2aafd4c199d5d784641b64a8fb6c412fd15585b67aaab#rd,1,2014-11-13,0.0,1.0,1.0,0.0,584.0,0.0,2.0,,,,,
115,印度洋及其北岸的大国地缘政治,http://mp.weixin.qq.com/s?__biz=MjM5NzA4MDIxNw==&mid=201085726&idx=1&sn=ef521d96b0822bbfa0aefc4fcedd82a9&chksm=28d78ee81fa007fe72b16a266d89000067a9af6c546146cf0b8d0c38e510682c17ce9cf22797#rd,1,2014-11-9,0.0,1.0,1.0,0.0,413.0,0.0,2.0,,,,,
116,张文木：印度洋是大国政治的汇合与转折之地,http://mp.weixin.qq.com/s?__biz=MjM5NzA4MDIxNw==&mid=201038105&idx=1&sn=0bb0e4183891af98f2fc9c2c777550c3&chksm=28d044ef1fa7cdf9d8d3641724fe85c92bb64a053de2d4497e5ce95e86e1ef0fcbdf3ee4a170#rd,1,2014-11-6,0.0,1.0,1.0,0.0,616.0,0.0,1.0,,,,,
117,张文木：印度洋是世界海权体系的中心,http://mp.weixin.qq.com/s?__biz=MjM5NzA4MDIxNw==&mid=201025136&idx=1&sn=9435ba7491be7ba4e1c1b35171d8adf4&chksm=28d0bb861fa73290ce634fdaf079d372107e6c136fae7910f0734a87f5478df8d4175b6898dd#rd,1,2014-11-5,0.0,1.0,1.0,0.0,373.0,0.0,0.0,,,,,
118,文贯中：中国的农本社会：告别抑或挽留？,http://mp.weixin.qq.com/s?__biz=MjM5NzA4MDIxNw==&mid=200995241&idx=1&sn=5863eceb2a66f0fc1600d5bb368d2069&chksm=28d12c5f1fa6a549d67b821de58b2a9adc8acf585d4a5f079f0c67cbb956065c0ad0418273f7#rd,1,2014-11-3,0.0,1.0,1.0,0.0,701.0,0.0,4.0,,,,,
119,“巴黎的忧郁”：变革、平衡与新的困境,http://mp.weixin.qq.com/s?__biz=MjM5NzA4MDIxNw==&mid=200716261&idx=1&sn=ccc36c2c01943e3b7999a26c080ac1d5&chksm=28dd72131faafb052b1dbf1401bd08b297f0e2ce9e0bcdf3a93e0f07400fdf4ca69bf83837a5#rd,1,2014-10-13,0.0,1.0,1.0,0.0,541.0,0.0,0.0,,,,,
120,转型中国为什么需要《旧制度与大革命》,http://mp.weixin.qq.com/s?__biz=MjM5NzA4MDIxNw==&mid=200678050&idx=1&sn=3d1922813b08d6e5a852e0b0e401f087&chksm=28ddc7541faa4e42065651db32160ae1390e552b88409ae2fb2f782dad35634965d5082c8a6c#rd,1,2014-9-26,0.0,1.0,1.0,0.0,859.0,0.0,1.0,,,,,
121,【学术前沿】“龙象共和”是否可能,http://mp.weixin.qq.com/s?__biz=MjM5NzA4MDIxNw==&mid=200662508&idx=1&sn=10f002ad83b288ff0b26c0f6c6cd12de&chksm=28de001a1fa9890ca010d12c42a192528296d891697e79edf246beae4f88a05df5168d586f31#rd,1,2014-9-19,0.0,1.0,1.0,0.0,719.0,0.0,2.0,,,,,
122,【学术前沿】黄裕生：论保守主义的原则及其理论难题,http://mp.weixin.qq.com/s?__biz=MjM5NzA4MDIxNw==&mid=200624062&idx=1&sn=c4a3b48b5c978dcfd415fb200c5a1785&chksm=28de9a481fa9135e35422c61eb2871c335777cac00a38ae3f463924ac54f57d01ffeb171a31f#rd,1,2014-9-9,0.0,1.0,1.0,0.0,711.0,0.0,1.0,,,,,
123,【学术前沿】保守主义是如何批判自由主义的,http://mp.weixin.qq.com/s?__biz=MjM5NzA4MDIxNw==&mid=200615244&idx=1&sn=31c1db6b792a2fa71a04af333b655953&chksm=28def8ba1fa971acd8b2007abce356efd64db7c869259d4fa8cf9b871308142350abd8c6e3d0#rd,1,2014-9-5,0.0,1.0,1.0,0.0,632.0,0.0,3.0,,,,,
124,【学术前沿】当前我国跨境人口流动的风险与挑战,http://mp.weixin.qq.com/s?__biz=MjM5NzA4MDIxNw==&mid=200609608&idx=1&sn=4fb90b6061995f655d277efb264c1254&chksm=28ded2be1fa95ba820cefad7f6543a711414c8c53943d5d2db719d995c9795d1bab6aa598b7c#rd,1,2014-9-3,0.0,1.0,1.0,0.0,4365.0,6.0,50.0,,,,,
125,【学术前沿】蔡昉：中国经济增长的十字路口,http://mp.weixin.qq.com/s?__biz=MjM5NzA4MDIxNw==&mid=200597531&idx=1&sn=3a428102a5c68e9fc1f0c3237e1f6307&chksm=28df3ded1fa8b4fb02b3d33f46b9a523602c423e7c59bdda5f266a621efc7c6edd1bb057894b#rd,1,2014-8-29,0.0,1.0,1.0,0.0,692.0,0.0,3.0,,,,,
126,【学术前沿】国际移民治理的现实困境与善治趋势,http://mp.weixin.qq.com/s?__biz=MjM5NzA4MDIxNw==&mid=200595448&idx=1&sn=bfcb8457867975bee7815fc5212f4cb8&chksm=28df0a0e1fa883183cbcd1d839e1c7b83d1753481038e7c4813b07cb5d1a3f642de9278bf16f#rd,1,2014-8-28,0.0,1.0,1.0,0.0,225.0,0.0,2.0,,,,,
127,【学术前沿】公共利益何以被窃取,http://mp.weixin.qq.com/s?__biz=MjM5NzA4MDIxNw==&mid=200589049&idx=1&sn=2581ff44ef7ef56408618e8a98073ceb&chksm=28df630f1fa8ea195cc1066789f6a2cef0ef67979f8f3bd478e30454792f8b51afcc806bc879#rd,1,2014-8-26,0.0,1.0,1.0,0.0,356.0,0.0,2.0,,,,,
128,【学术前沿】中国下一步的改革与政府职能转变,http://mp.weixin.qq.com/s?__biz=MjM5NzA4MDIxNw==&mid=200563432&idx=1&sn=36ae0867dd2d9bedde5e9f0d4a8e89af&chksm=28df871e1fa80e082ab1ddf044d746af911300fff06bf8378f04274dc9148475de15bbe56741#rd,1,2014-8-19,0.0,1.0,1.0,0.0,813.0,0.0,3.0,,,,,
129,【学术前沿】民主迷思与发展悖论,http://mp.weixin.qq.com/s?__biz=MjM5NzA4MDIxNw==&mid=200555899&idx=1&sn=c329506d728064fb90e72ff90dc2f5a2&chksm=28dfe08d1fa8699ba5a08770981f1e19e664ab8bea41db0cf6a16f5bfc7956b7d52ab888ad52#rd,1,2014-8-15,0.0,1.0,1.0,0.0,527.0,0.0,3.0,,,,,
130,【学术前沿】大国战略关系视角下的中国与非洲,http://mp.weixin.qq.com/s?__biz=MjM5NzA4MDIxNw==&mid=200526045&idx=1&sn=5b6a6462978b25015e05026429a4d75a&chksm=28d8152b1faf9c3d95d2547502408c90c417a6d51e69fb1f972b3acc9a9c9284286466a6a80c#rd,1,2014-8-6,0.0,1.0,1.0,0.0,361.0,0.0,1.0,,,,,
131,【学术前沿】节制权力，仰望真理,http://mp.weixin.qq.com/s?__biz=MjM5NzA4MDIxNw==&mid=200501806&idx=1&sn=7f165f7ca84fb06fea6c4d3086d341ba#rd,1,2014-7-30,0.0,1.0,1.0,0.0,2.0,0.0,0.0,,,,,
132,【学术前沿】节制权力，仰望真理,http://mp.weixin.qq.com/s?__biz=MjM5NzA4MDIxNw==&mid=200501805&idx=1&sn=f8fbdbc8677d3d9598c1ce23a45c1513&chksm=28d8b7db1faf3ecdb036b41d875c3e67b4e60c2d06b410cb0aef42216d6bb95aff8f5b8c5d63#rd,1,2014-7-30,0.0,1.0,1.0,0.0,661.0,0.0,1.0,,,,,
133,【学术前沿】美越战略互动对中国的遏制与威胁,http://mp.weixin.qq.com/s?__biz=MjM5NzA4MDIxNw==&mid=200425955&idx=1&sn=dd0b0524e254b3544ccf02b709b6d35f&chksm=28d99c151fae150366e13a6ebca98fedb9cf9efbe635824fc28958b48d4c1ff0bffb78eb42c3#rd,1,2014-7-29,0.0,1.0,1.0,0.0,342.0,0.0,0.0,,,,,
134,【学术前沿】钓鱼岛问题的历史与国际法透视,http://mp.weixin.qq.com/s?__biz=MjM5NzA4MDIxNw==&mid=200415550&idx=1&sn=47aa2c61910c31f8bcb071c7c30a4c78&chksm=28d9c4c81fae4dde54750365efd7e6d685ebabfa51e66b708e9b22960cbb46c934d2ff3bf45f#rd,1,2014-7-25,0.0,1.0,1.0,0.0,500.0,0.0,1.0,,,,,
135,【学术前沿】“中俄结盟”为何缺乏现实可行性,http://mp.weixin.qq.com/s?__biz=MjM5NzA4MDIxNw==&mid=200408720&idx=1&sn=8eb75e8426711367d724f20709ba1c1c&chksm=28da23661fadaa70253ea26652c301fb2310508c2a068a2280eb12e45cf6c3aff2bdab1625a3#rd,1,2014-7-22,0.0,1.0,1.0,0.0,282.0,0.0,0.0,,,,,
136,【学术前沿】深析日俄岛争中的角力与攻心,http://mp.weixin.qq.com/s?__biz=MjM5NzA4MDIxNw==&mid=200404767&idx=1&sn=c11a6394851daf475e8b424dacff8231&chksm=28da32e91fadbbff2d82f356efa8b4b03658fbef3a3b95dbf0adb559c5430d3bdbbdf60f88ae#rd,1,2014-7-21,0.0,1.0,1.0,0.0,75.0,0.0,0.0,,,,,
137,【学术前沿】乌克兰前瞻：俄罗斯的战略困境与抉择,http://mp.weixin.qq.com/s?__biz=MjM5NzA4MDIxNw==&mid=200395984&idx=1&sn=120737a3d4e85256974f935a5f0a0242&chksm=28da11261fad9830a55e3b99095976d0fae45678141d254fba96e5509a42c35df6db7908d692#rd,1,2014-7-18,0.0,1.0,1.0,0.0,82.0,0.0,0.0,,,,,
138,【学术前沿】中国政治传统中的权力与真理关系,http://mp.weixin.qq.com/s?__biz=MjM5NzA4MDIxNw==&mid=200394036&idx=1&sn=666c1a0af0e169ad207c0f9b9232aabe&chksm=28da18c21fad91d411a673861abb6bc7653b7bf28f724225ba09eded89b2cc628c96ed35747a#rd,1,2014-7-17,0.0,1.0,1.0,0.0,82.0,0.0,0.0,,,,,
139,【学术前沿】德国的宗教改革与国家教会关系演变,http://mp.weixin.qq.com/s?__biz=MjM5NzA4MDIxNw==&mid=200388704&idx=1&sn=c9b0cac6518cb8b45cbd9f69c5d67cda&chksm=28da6d961fade480319232f5161fab4fa63794d290854b66dfdeb6972158ab3dcb16d52d3ade#rd,1,2014-7-14,0.0,1.0,1.0,0.0,58.0,0.0,0.0,,,,,
140,【学术前沿】“克服过去”：联邦德国如何重塑历史政治意识,http://mp.weixin.qq.com/s?__biz=MjM5NzA4MDIxNw==&mid=200379012&idx=1&sn=64148bcbe55b46d1284bb92a11b88223&chksm=28da57721fadde64f3365df7cabc3c0ce9dd88c44dbc91e35856ab66f7b95b496c7b65406d9c#rd,1,2014-7-11,0.0,1.0,1.0,0.0,23.0,0.0,1.0,,,,,
141,【学术前沿】如何评价印度经济与体制表现？,http://mp.weixin.qq.com/s?__biz=MjM5NzA4MDIxNw==&mid=200376749&idx=1&sn=e1a66193dfed5ae597cb88f953bd898f&chksm=28da5c5b1fadd54df67f855c3c37696f426caf8c35d8f4949a024a64d3a5b04a2ff12789809e#rd,1,2014-7-10,0.0,1.0,1.0,0.0,102.0,1.0,0.0,,,,,
142,【学术前沿】德国“独特道路论”再思考,http://mp.weixin.qq.com/s?__biz=MjM5NzA4MDIxNw==&mid=200373568&idx=1&sn=a85e86c1fd57a5fd2a58c7bc8336a313&chksm=28daa8b61fad21a031fae34864201a098a7658327795ae9e4400ea0a2709e7a6b1ce1359e875#rd,1,2014-7-9,0.0,1.0,1.0,0.0,47.0,0.0,0.0,,,,,
143,【学术前沿】国家安全体系建构的困境、挑战与忧思,http://mp.weixin.qq.com/s?__biz=MjM5NzA4MDIxNw==&mid=200368519&idx=1&sn=150a7a59762cd4453eb7dadc1767532d&chksm=28dabc711fad3567f28b698d0c2f3884a0bf4468a9dc92426acd6fc23290c716910dbb8f56ad#rd,1,2014-7-7,0.0,1.0,1.0,0.0,152.0,0.0,0.0,,,,,
144,【学术前沿】政治人物安危与国家安全,http://mp.weixin.qq.com/s?__biz=MjM5NzA4MDIxNw==&mid=200363016&idx=1&sn=a59cf89d67927d0d65594bb018295b02&chksm=28da91fe1fad18e85f916c94c8e9509eba782b41307482f9afaba28a251e92ff7b8b5547ba86#rd,1,2014-7-4,0.0,1.0,1.0,0.0,130.0,0.0,0.0,,,,,
145,【学术前沿】中国的安全文明及其对西方的超越,http://mp.weixin.qq.com/s?__biz=MjM5NzA4MDIxNw==&mid=200360363&idx=1&sn=47e46990138f24cd227234f5606f79d2&chksm=28da9c5d1fad154bff1fbfa7c81e9e99c2557b1fc84f98d9a46a67c80d81a78d1fb12982cbd5#rd,1,2014-7-3,0.0,1.0,1.0,0.0,82.0,0.0,0.0,,,,,
146,【学术前沿】协同治理：公共事务治理新趋向,http://mp.weixin.qq.com/s?__biz=MjM5NzA4MDIxNw==&mid=200347413&idx=1&sn=be92285adb4414850bb3c5fe7ed8d841&chksm=28dad2e31fad5bf5dfe43f4a1bdb785b426fd14c8d7d7f9fa21b1654dac902e9c7cd09800b21#rd,1,2014-6-30,0.0,1.0,1.0,0.0,161.0,0.0,2.0,,,,,
147,欧亚主义的诱惑：从民间思潮到国家战略,http://mp.weixin.qq.com/s?__biz=MjM5NzA4MDIxNw==&mid=200331767&idx=1&sn=cb85dd616aa1584cb49a0697cf95d162&chksm=28db0c011fac8517f4b692c460fb2b97f49160962e88ff36ee891fff370bfea2a72d66010c1f#rd,1,2014-6-25,0.0,1.0,1.0,0.0,103.0,0.0,0.0,,,,,
148,【学术前沿】颠倒和压缩：日本现代化时序考察,http://mp.weixin.qq.com/s?__biz=MjM5NzA4MDIxNw==&mid=200325185&idx=1&sn=05352558187bef4be092916bff048a02&chksm=28db65b71faceca1f92582ff4739c6f4dcb306030dc951c0cce4900938886f9fcabd0be9ee29#rd,1,2014-6-23,0.0,1.0,1.0,0.0,43.0,0.0,0.0,,,,,
149,【学术前沿】现代性与乡村传统文化的未来,http://mp.weixin.qq.com/s?__biz=MjM5NzA4MDIxNw==&mid=200315935&idx=1&sn=30309cf6b811ef5348b3e520a84dd2d1&chksm=28db49e91facc0ff69685377efa181bd5d0e8dff4f6b2b528d8b7a9a1c599a0be9564c659bdb#rd,1,2014-6-20,0.0,1.0,1.0,0.0,80.0,0.0,0.0,,,,,
150,【学术前沿】孙中山的知行观与革命精神论,http://mp.weixin.qq.com/s?__biz=MjM5NzA4MDIxNw==&mid=200308155&idx=1&sn=fefe05958f2c6cd2a9da457a9405c6ec&chksm=28dba84d1fac215b74e9d6fa70438448f31511db741feed967585103122e3926b2f4d838989e#rd,1,2014-6-18,0.0,1.0,1.0,0.0,17.0,0.0,0.0,,,,,
151,【学术前沿】谨防房地产泡沫引发中国式系统经济危机,http://mp.weixin.qq.com/s?__biz=MjM5NzA4MDIxNw==&mid=200304505&idx=1&sn=ba7b959ce5f0109888f400cfc10127f2&chksm=28dbba8f1fac3399dbeb4d146b1b93dad38604dbde71ee12aef937af033ce898c9050bb2eead#rd,1,2014-6-17,0.0,1.0,1.0,0.0,24.0,0.0,0.0,,,,,
152,【学术前沿】走出互联网：话语权失衡的应对之策,http://mp.weixin.qq.com/s?__biz=MjM5NzA4MDIxNw==&mid=200300738&idx=1&sn=19a79aa477115c49c32127234b59e309&chksm=28db85341fac0c22fe1747ebcb2ab5d59de04694442a8575e099b98d088e9b4c39fbb5fd452b#rd,1,2014-6-16,0.0,1.0,1.0,0.0,47.0,0.0,0.0,,,,,
153,【学术前沿】无察觉危机：特征、根源及化解策略,http://mp.weixin.qq.com/s?__biz=MjM5NzA4MDIxNw==&mid=200282960&idx=1&sn=ae590ef316761a1fcdcfccbb63587e55&chksm=28dbcea61fac47b0a07ae76ce11d5524a71327a0107d9679eac7225725b117f9f965af9d11b1#rd,1,2014-6-13,0.0,1.0,1.0,0.0,30.0,0.0,0.0,,,,,
154,【学术前沿】德国社民党的历史成就与现实挑战,http://mp.weixin.qq.com/s?__biz=MjM5NzA4MDIxNw==&mid=200277409&idx=1&sn=dcdbbf37cded8867cb612167f5869ce9&chksm=28c420571fb3a941049d50428176e03144161aaf3cdb6bc70bbbe9540680e3b5f0e074b02273#rd,1,2014-6-12,0.0,1.0,1.0,0.0,34.0,0.0,0.0,,,,,
155,【学术前沿】理性分析“不可思议的印度”,http://mp.weixin.qq.com/s?__biz=MjM5NzA4MDIxNw==&mid=200268638&idx=1&sn=0e8a39916190d9c204386848ec1485e9&chksm=28c406a81fb38fbe3feba791f7b8b3a4147af31d45cbfb5d454866581d371b3c3a63345d4e11#rd,1,2014-6-11,0.0,1.0,1.0,0.0,15.0,0.0,0.0,,,,,
156,【学术前沿】中国公众的民粹化倾向调查报告,http://mp.weixin.qq.com/s?__biz=MjM5NzA4MDIxNw==&mid=200260429&idx=1&sn=26da7b499d1e147c6aad9107d381de89&chksm=28c466bb1fb3efad0ece9c9f38efd362328413337f4a65fe1c97b678d294f54a85b4c0e9156e#rd,1,2014-6-10,0.0,1.0,1.0,0.0,272.0,2.0,3.0,,,,,
157,【学术前沿】泰国：脆弱民主制的灾难性后果,http://mp.weixin.qq.com/s?__biz=MjM5NzA4MDIxNw==&mid=200255788&idx=1&sn=3725e960b2333bdda1f220c0169b7a88&chksm=28c474da1fb3fdcc26b6c129c2bdc15f4419ea835f93f65fa09f35f4cdc11b834b9bb7f4415b#rd,1,2014-6-9,0.0,1.0,1.0,0.0,16.0,0.0,0.0,,,,,
158,【学术前沿】大国政治的悲喜：叙利亚危机启示录,http://mp.weixin.qq.com/s?__biz=MjM5NzA4MDIxNw==&mid=200240142&idx=1&sn=aeef98d447d763744abb632b2a51e2b7&chksm=28c4b1f81fb338eeccacd35b6df919662168bb5f0e74872f6ae3c3ea0f83e836090077362b7b#rd,1,2014-6-6,0.0,1.0,1.0,0.0,8.0,0.0,0.0,,,,,
159,【学术前沿】叙利亚危机的深层逻辑及其前景,http://mp.weixin.qq.com/s?__biz=MjM5NzA4MDIxNw==&mid=200237440&idx=1&sn=6f297a57a91b5eec42d6b557bc0e5037&chksm=28c4bc761fb3356084d8b5d107a8fba5b1c1c9bfbc3e15cd5a8474188b7960ac0f291afa87c2#rd,1,2014-6-5,0.0,1.0,1.0,0.0,20.0,0.0,0.0,,,,,
160,【学术前沿】政治秩序与社会规则,http://mp.weixin.qq.com/s?__biz=MjM5NzA4MDIxNw==&mid=200235297&idx=1&sn=2a3c8f783cd5c3cc97e4f441778126fd&chksm=28c484d71fb30dc1c3c251b1ed2c7166333781b93af27889b32f74f257e4322b76600e52f1b7#rd,1,2014-6-4,0.0,1.0,1.0,0.0,45.0,0.0,0.0,,,,,
161,【学术前沿】非传统安全治理能力建设的一种新思路,http://mp.weixin.qq.com/s?__biz=MjM5NzA4MDIxNw==&mid=200232610&idx=1&sn=cafe2fbfcb04ed421dd7d6bb0c46aa09&chksm=28c493541fb31a42d07cbdde64d4a2bc21a23238207eb54b7c1f7dc5ec19c89b835a25f46d2d#rd,1,2014-6-3,0.0,1.0,1.0,0.0,45.0,0.0,0.0,,,,,
162,【学术前沿】中国特色海权理论发展历程,http://mp.weixin.qq.com/s?__biz=MjM5NzA4MDIxNw==&mid=200224017&idx=1&sn=c77cbc49014317444bb7a2db3e331240&chksm=28c4f0e71fb379f1bc7fc13ebf08772576e5848ce34d0083b40357ccac60f0f49c084801a0a2#rd,1,2014-5-30,0.0,1.0,1.0,0.0,58.0,0.0,0.0,,,,,
163,【学术前沿】中越关系的历史渊源与发展前瞻,http://mp.weixin.qq.com/s?__biz=MjM5NzA4MDIxNw==&mid=200218085&idx=1&sn=f7c138360a81a58257cf481d1de71014&chksm=28c4c8131fb34105d53afd92c77769d18045b56578d530b7b7eab127b7fc5c2860ee3316a544#rd,1,2014-5-29,0.0,1.0,1.0,0.0,36.0,0.0,0.0,,,,,
164,【学术前沿】社会服务体系：欧洲模式与中国方向,http://mp.weixin.qq.com/s?__biz=MjM5NzA4MDIxNw==&mid=200213598&idx=1&sn=90076e43f3e38717a6eb4314e008f10e&chksm=28c4d9a81fb350be4872a16c65c4f6c0abaac6f48183fd5346c79766aa21030fa0e90ddc93c2#rd,1,2014-5-28,0.0,1.0,1.0,0.0,29.0,0.0,0.0,,,,,
165,【学术前沿】中越如何重拾战略互信,http://mp.weixin.qq.com/s?__biz=MjM5NzA4MDIxNw==&mid=200210178&idx=1&sn=48e172ef40cc6c30e1e30b20a4cc8734&chksm=28c52af41fb2a3e207dda407e79c575fc7ec4fc99930368558e2857be207e4301870882bf0e6#rd,1,2014-5-27,0.0,1.0,1.0,0.0,17.0,0.0,0.0,,,,,
166,【学术前沿】大陆与海洋视野下的亚洲秩序,http://mp.weixin.qq.com/s?__biz=MjM5NzA4MDIxNw==&mid=200207627&idx=1&sn=1696fe88e9be8953cebf9c0623056feb&chksm=28c530fd1fb2b9eb53697e3ae5edcb8bd05fe37b0071871fe3aa603cfbf06d0dbfa7073451cb#rd,1,2014-5-26,0.0,1.0,1.0,0.0,102.0,0.0,1.0,,,,,
167,【学术前沿】理性看待“美国霸权衰落论”,http://mp.weixin.qq.com/s?__biz=MjM5NzA4MDIxNw==&mid=200193401&idx=1&sn=ec11e0b28174e9c30eaa3c782a8c9262&chksm=28c5688f1fb2e1993e92efee2eecb812873c419f406730eabe963a83b23e67724c371d582386#rd,1,2014-5-22,0.0,1.0,1.0,0.0,96.0,0.0,0.0,,,,,
168,【学术前沿】海陆两个丝路：通向世界的战略之梯,http://mp.weixin.qq.com/s?__biz=MjM5NzA4MDIxNw==&mid=200191820&idx=1&sn=a2fd583efcbf537d764391dd1d99dcbb&chksm=28c572ba1fb2fbacb55b42ed748462d64a26e00a7eacf916df3493261a6c4c0a034ba14621e7#rd,1,2014-5-21,0.0,1.0,1.0,0.0,33.0,0.0,0.0,,,,,
169,【学术前沿】当代语境与人的存在方式,http://mp.weixin.qq.com/s?__biz=MjM5NzA4MDIxNw==&mid=200188721&idx=1&sn=56e1a0ef4120c7e664979913fa25bc90&chksm=28c57ec71fb2f7d12c82e31417999412a9d2f84a81320a39b04a07b22990a1689ffdcfd96643#rd,1,2014-5-20,0.0,1.0,1.0,0.0,43.0,0.0,0.0,,,,,
170,【学术前沿】周 琪：近十年美国亚太战略调整的内在驱动力,http://mp.weixin.qq.com/s?__biz=MjM5NzA4MDIxNw==&mid=200186071&idx=1&sn=adc6a87e6f718594b2a11a3843c0e6da&chksm=28c545211fb2cc37160ef4465fa4d9d58be01b9ef2c0ccfc27391a0f0d954b89f5affa50571a#rd,1,2014-5-19,0.0,1.0,1.0,0.0,13.0,0.0,0.0,,,,,
171,【学术前沿】数理逻辑批判与《资本论》创作,http://mp.weixin.qq.com/s?__biz=MjM5NzA4MDIxNw==&mid=200177735&idx=1&sn=3ab3fc3c5eecc972d624cbf30f666d32&chksm=28c5a5b11fb22ca79c91ad706110eeecf2be15ff704ae1bf8c70a74bf581a2ce10bc93e669cf#rd,1,2014-5-16,0.0,1.0,1.0,0.0,31.0,0.0,0.0,,,,,
172,【学术前沿】从政道到治道：中国文化的方向与出路,http://mp.weixin.qq.com/s?__biz=MjM5NzA4MDIxNw==&mid=200175681&idx=1&sn=5ce067c14f89ac87f12d6d1085b47dd8&chksm=28c5adb71fb224a120ebc17a895d21bc38dc50ca6c3c1bcf500db8a2565a1ab5ba9db1b7a641#rd,1,2014-5-15,0.0,1.0,1.0,0.0,105.0,1.0,0.0,,,,,
173,英美知识界如何评估中国模式,http://mp.weixin.qq.com/s?__biz=MjM5NzA4MDIxNw==&mid=200173144&idx=1&sn=0d70b28dd87553303a41debd70d32be7&chksm=28c5bbae1fb232b82498c7f3b6aaf2fc524a3cfe49d49d89147a83a3ec566c120015042d8d51#rd,1,2014-5-14,0.0,1.0,1.0,0.0,71.0,0.0,0.0,,,,,
174,从垄断到所有制的混合——论基本制度层面上的中国国资改革,http://mp.weixin.qq.com/s?__biz=MjM5NzA4MDIxNw==&mid=200171416&idx=1&sn=473e847dbbd611c46099d5b44e584f6b&chksm=28c5826e1fb20b78a75831a10996996b5500dc2ecee498657f8edb4c5358aabac282cd2de8d4#rd,1,2014-5-13,0.0,1.0,1.0,0.0,22.0,0.0,0.0,,,,,
175,【学术前沿】我国沿海产业转向东盟的隐忧及对策,http://mp.weixin.qq.com/s?__biz=MjM5NzA4MDIxNw==&mid=200161928&idx=1&sn=5907b0fefed90b1e0ecff95b2444d004&chksm=28c5e77e1fb26e686a5c8c0fb72380dcf906972d660b18277029f0e3624e8d6dd59d88df72db#rd,1,2014-5-9,0.0,1.0,1.0,0.0,19.0,0.0,0.0,,,,,
176,【学术前沿】中国怎样引进更多外国人才？,http://mp.weixin.qq.com/s?__biz=MjM5NzA4MDIxNw==&mid=200159890&idx=1&sn=2a39c50f2c3be3ef07e493b83a61f00e&chksm=28c5ef641fb266720781ac570dfa0632381ceb1e13de5199ebb22a7b23fb885542e7f2900fe7#rd,1,2014-5-8,0.0,1.0,1.0,0.0,32.0,0.0,0.0,,,,,
177,【学术前沿】乌克兰的地缘政治窘境与战略出路,http://mp.weixin.qq.com/s?__biz=MjM5NzA4MDIxNw==&mid=200157770&idx=1&sn=3e3846b83d6518027a97c4553b9cff2e&chksm=28c5f7bc1fb27eaa3d02672b009cab0dd0d0e834442dd032a0ac96094a4e696c7fade42a775c#rd,1,2014-5-7,0.0,1.0,1.0,0.0,35.0,0.0,0.0,,,,,
178,中东现代化进程何以需要适度权威,http://mp.weixin.qq.com/s?__biz=MjM5NzA4MDIxNw==&mid=200155728&idx=1&sn=9dc374b2e4b2a3c68936b83aa90585a2&chksm=28c5ffa61fb276b071e7a2094317ec3e736c94508c071b1232f82497eb93b21d6b1d9900941b#rd,1,2014-5-6,0.0,1.0,1.0,0.0,13.0,0.0,0.0,,,,,
179,“供给管理”与“动物精神”——中国特色宏观调控的概念与现实,http://mp.weixin.qq.com/s?__biz=MjM5NzA4MDIxNw==&mid=200153717&idx=1&sn=c268bf424e8ebe8733625519fd31f4a5&chksm=28c5c7831fb24e95b0214c84189c0cec9c6c0b85658ae7d125f09a3fda0a946258f0d7e4e13a#rd,1,2014-5-5,0.0,1.0,1.0,0.0,29.0,0.0,0.0,,,,,
180,【学术前沿】刘昕：当前党政领导干部民主测评的深层困境,http://mp.weixin.qq.com/s?__biz=MjM5NzA4MDIxNw==&mid=200151332&idx=1&sn=1182db9c6ca7b6a1a9cf6b8dc4e9fc9e&chksm=28c5ccd21fb245c47a1fdc26a8d8d5158b0767324e421e734d83f88cc5927dd385d01a8213b9#rd,1,2014-5-4,0.0,1.0,1.0,0.0,103.0,0.0,1.0,,,,,
181,【学术前沿】印尼难题及对中国的警示,http://mp.weixin.qq.com/s?__biz=MjM5NzA4MDIxNw==&mid=200144303&idx=1&sn=a9bb1916c87624f96da7c823f2f57acd&chksm=28c628591fb1a14f86e960f6b9ed6ce659c075d6c97ad679bfba38374cf5d65cef7e6ba82b1c#rd,1,2014-4-30,0.0,1.0,1.0,0.0,9.0,0.0,0.0,,,,,
182,新型城镇化：制度桎梏与破局路径,http://mp.weixin.qq.com/s?__biz=MjM5NzA4MDIxNw==&mid=200142865&idx=1&sn=d46ff3abf5a8f64de1711d1e9f49a359&chksm=28c62de71fb1a4f12895ff7e8400a3eafdb87c7a2cf079454810f0ef503f3c1fa9a1df0d869c#rd,1,2014-4-29,0.0,1.0,1.0,0.0,22.0,0.0,0.0,,,,,
183,日本铤而走险的岛屿战略与中国的对策,http://mp.weixin.qq.com/s?__biz=MjM5NzA4MDIxNw==&mid=200141230&idx=1&sn=d3ede053bc5be2fb7a8ca0c6d01a4d6f&chksm=28c634581fb1bd4e8b2e7f39d90d5c922fedbd739ae70811f5d0d6677902247299608af054dd#rd,1,2014-4-28,0.0,1.0,1.0,0.0,13.0,0.0,1.0,,,,,
184,【学术前沿】东盟国家的战略两难与中国之对策,http://mp.weixin.qq.com/s?__biz=MjM5NzA4MDIxNw==&mid=200136276&idx=1&sn=1e37506f353eb1f2125358cf0fbbb8e5&chksm=28c60ba21fb182b4ab57fc38495f879f205fc47aeb64514fb43eaacdc977b27d4a3841ef1403#rd,1,2014-4-25,0.0,1.0,1.0,0.0,8.0,0.0,0.0,,,,,
185,【学术前沿】中国向新加坡学什么,http://mp.weixin.qq.com/s?__biz=MjM5NzA4MDIxNw==&mid=200135088&idx=1&sn=0e23ac4339b7f21df8681e7c1e84a83a&chksm=28c60c461fb18550113dd422a811f7c9e0e694aa6130ae7694e3ba096d707c85a94117a47423#rd,1,2014-4-24,0.0,1.0,1.0,0.0,20.0,0.0,0.0,,,,,
186,十八大以来的中国新外交战略思想初析,http://mp.weixin.qq.com/s?__biz=MjM5NzA4MDIxNw==&mid=200133497&idx=1&sn=a5b60af2195967f5591735fc04416cab&chksm=28c6168f1fb19f99c049744b918e06d9b494c6dc304df61651d58ac136d5588213fa9b3d8b4f#rd,1,2014-4-23,0.0,1.0,1.0,0.0,57.0,0.0,0.0,,,,,
187,【学术前沿】英美渐进式霸权转移的历史和理论逻辑,http://mp.weixin.qq.com/s?__biz=MjM5NzA4MDIxNw==&mid=200131876&idx=1&sn=b92b7e6c2919fbe8832411bb2b526210&chksm=28c618d21fb191c4577eb0856cdb4b174436cf77f368eda5c683b8b03f2f858c54bdd64a06a7#rd,1,2014-4-22,0.0,1.0,1.0,0.0,51.0,0.0,2.0,,,,,
188,协同治理：公共事务治理新趋向,http://mp.weixin.qq.com/s?__biz=MjM5NzA4MDIxNw==&mid=200130387&idx=1&sn=3ba42eda11e5ed6d55b1bd459b33a90f&chksm=28c662a51fb1ebb3108d56c8cf325d03611e7a31eb27dcb12e9e123aa2696171ae2f910fb55b#rd,1,2014-4-21,0.0,1.0,1.0,0.0,211.0,1.0,3.0,,,,,
189,克里米亚危机的国际舆情分析报告,http://mp.weixin.qq.com/s?__biz=MjM5NzA4MDIxNw==&mid=200124641&idx=1&sn=317450c273299b498b4eb0b94e198597&chksm=28c675171fb1fc01004f7266da20a54d8ded3c23538e31fdd52c985a132dfe097fc7ffea95dd#rd,1,2014-4-18,0.0,1.0,1.0,0.0,36.0,0.0,0.0,,,,,
190,混合所有制经济：三重意义上的体制平台,http://mp.weixin.qq.com/s?__biz=MjM5NzA4MDIxNw==&mid=200123514&idx=1&sn=3bf5cee04255996eae3065e1d7f3bb37&chksm=28c6798c1fb1f09a068a4edb37b9a9a6991da394b0d872a928c4ac32e336964352fd68fe36c6#rd,1,2014-4-17,0.0,1.0,1.0,0.0,28.0,0.0,0.0,,,,,
191,中国现代海权战略的先驱,http://mp.weixin.qq.com/s?__biz=MjM5NzA4MDIxNw==&mid=200120702&idx=1&sn=fd6b7517c13c6b5e9eded816b76e3db5&chksm=28c644881fb1cd9e8ca95e5b20c152f673959a995e0b7a5c589f4c3feb5b7fddfa066816448a#rd,1,2014-4-16,0.0,1.0,1.0,0.0,6.0,0.0,0.0,,,,,
192,【学术前沿】乌克兰转型之殇：西化道路上的民主迷失,http://mp.weixin.qq.com/s?__biz=MjM5NzA4MDIxNw==&mid=200119246&idx=1&sn=1f9323f19a0e1316b05b0d06b0864229&chksm=28c64e381fb1c72e28d36532f99dc15f6b7e05d2100f905b6e48891b77b30565db436764ff6d#rd,1,2014-4-15,0.0,1.0,1.0,0.0,11.0,0.0,0.0,,,,,
193,【学术前沿】霸权之基：美国的国际能源战略,http://mp.weixin.qq.com/s?__biz=MjM5NzA4MDIxNw==&mid=200118232&idx=1&sn=952be7441fb0fde6e783a36735c87f56&chksm=28c6522e1fb1db387ed47ffc6fd1a20f8435df0a611a63bbff8ef2f33d0e342b3324d163a3b2#rd,1,2014-4-14,0.0,1.0,1.0,0.0,15.0,0.0,0.0,,,,,
194,胡伟：政治体制改革与党内竞争性选举,http://mp.weixin.qq.com/s?__biz=MjM5NzA4MDIxNw==&mid=200113635&idx=1&sn=2f1b224f883b4231703de8e0400aff16&chksm=28c6a0151fb129031696a8a05c3362ce10a4b20084aa068178245c7a6f37bfa19360312a679b#rd,1,2014-4-11,0.0,1.0,1.0,0.0,17.0,0.0,0.0,,,,,
195,全球化、风险社会与中国的文化安全,http://mp.weixin.qq.com/s?__biz=MjM5NzA4MDIxNw==&mid=200111831&idx=1&sn=0a4df5450c8b82de01fc602ad5912b7b&chksm=28c6ab211fb12237ccae1435fa4f39f92225e97ed73df3dd1752ce1f39e45f577d88d0cf99ca#rd,1,2014-4-10,0.0,1.0,1.0,0.0,18.0,0.0,0.0,,,,,
196,印度将赶上并超过中国？——评黄亚生教授的中印经济比较,http://mp.weixin.qq.com/s?__biz=MjM5NzA4MDIxNw==&mid=200110682&idx=1&sn=0af82eb7447881dbd6081b33ec489b96&chksm=28c6afac1fb126ba063b97008a8314170b3ff26463f8be243d759fbdbb4fc29951e4e2d04038#rd,1,2014-4-9,0.0,1.0,1.0,0.0,2225.0,1.0,15.0,,,,,
197,【学术前沿】乌克兰危机中的各方博弈和中国立场,http://mp.weixin.qq.com/s?__biz=MjM5NzA4MDIxNw==&mid=200109730&idx=1&sn=0ff22567f6aaef423cd8b8bb2ac912fa&chksm=28c6b3541fb13a425a19f9318d0ae5d262d26495b1a52c046a056f891215e390fa723945a960#rd,1,2014-4-8,0.0,1.0,1.0,0.0,17.0,0.0,0.0,,,,,
198,民主政治的常识与共识,http://mp.weixin.qq.com/s?__biz=MjM5NzA4MDIxNw==&mid=200106187&idx=1&sn=38036ab30b9f7fd112f05950acc62b50&chksm=28c6bd3d1fb1342bb87b854b9250d40a89170ed68e10b1c7c0d1c3d0507ae3e4294edd3544bb#rd,1,2014-4-4,0.0,1.0,1.0,0.0,69.0,0.0,0.0,,,,,
199,新一轮全球投资规则变迁的应对策略,http://mp.weixin.qq.com/s?__biz=MjM5NzA4MDIxNw==&mid=200105314&idx=1&sn=1a238bf0320c0c9eb8d0cd65d087e573&chksm=28c680941fb10982e2c3bc59b11110dfb1f959757ccc308cd5cd6ae2176f74ecaabb73566b86#rd,1,2014-4-3,0.0,1.0,1.0,0.0,6.0,0.0,0.0,,,,,
200,【学术前沿】论中央授权下的改革局部先行模式,http://mp.weixin.qq.com/s?__biz=MjM5NzA4MDIxNw==&mid=200104706&idx=1&sn=6d5425156d57cd0d137cc3bfdf3ca2b8&chksm=28c686f41fb10fe24bf1b457ac705b23bd71aaea5cda09c25281e7cec29dce5ba18863912595#rd,1,2014-4-2,0.0,1.0,1.0,0.0,16.0,0.0,0.0,,,,,
201,美国崛起之偶然与必然,http://mp.weixin.qq.com/s?__biz=MjM5NzA4MDIxNw==&mid=200103708&idx=1&sn=af0e3107b3fc4fc230e15c2cf9eb24c2&chksm=28c68aea1fb103fc2ae3c02c330e652e4745c04d0fdcd6b545adb8bf2c24e4473be8bcf9be2e#rd,1,2014-4-1,0.0,1.0,1.0,0.0,200.0,1.0,2.0,,,,,
202,重新认识欧洲的生命力,http://mp.weixin.qq.com/s?__biz=MjM5NzA4MDIxNw==&mid=200102922&idx=1&sn=7ee95b6ac21b79bf5a0eb7af532737f2&chksm=28c689fc1fb100ea1226a9a67967ab7fa2c8d3bbabbf350094a541a234f3c9354458ccd61137#rd,1,2014-3-31,0.0,1.0,1.0,0.0,26.0,0.0,0.0,,,,,
203,后发国家如何赢得未来,http://mp.weixin.qq.com/s?__biz=MjM5NzA4MDIxNw==&mid=200099701&idx=1&sn=f4f836048d898885fa2f0f7eca816c3d&chksm=28c69a831fb11395e7414b3437880b694d1fffabe1431fe3f8ffddd44a2dfb74be2abf3427ce#rd,1,2014-3-28,0.0,1.0,1.0,0.0,16.0,0.0,1.0,,,,,
204,我国“潜在”的人口危机及其应对之策,http://mp.weixin.qq.com/s?__biz=MjM5NzA4MDIxNw==&mid=200098693&idx=1&sn=53ee336bb21146f7355b6fdab20ddada&chksm=28c69e731fb1176586c53adc1aaa1af491a0e2732c1f563a200e9570fd51d7288930787446f5#rd,1,2014-3-27,0.0,1.0,1.0,0.0,25.0,0.0,0.0,,,,,
205,中国的选择：思路与可能性,http://mp.weixin.qq.com/s?__biz=MjM5NzA4MDIxNw==&mid=200096609&idx=1&sn=f382272ad16bdad205cb55392cdbb706&chksm=28c6e6971fb16f8198930e978da31557dec6db71192a0e6843e9a0ef822bc8ecebb68161895d#rd,1,2014-3-25,0.0,1.0,1.0,0.0,19.0,0.0,0.0,,,,,
206,中国下一步的改革与政府职能转变,http://mp.weixin.qq.com/s?__biz=MjM5NzA4MDIxNw==&mid=200095846&idx=1&sn=230b70dca5d121ebe43827cb5423f106&chksm=28c6e5901fb16c86be63940e62477cc1a2d1715205a66ea75ab8d89fa5a90cd5eede2ca96f80#rd,1,2014-3-24,0.0,1.0,1.0,0.0,13.0,0.0,0.0,,,,,
207,欧亚大陆何以无战,http://mp.weixin.qq.com/s?__biz=MjM5NzA4MDIxNw==&mid=200093133&idx=1&sn=61fe538f73be3192d5c80643e77f32ab&chksm=28c6f03b1fb1792d5b36e864ab475ab25657fc8b95365a36b85637233550d2a777bbc2435beb#rd,1,2014-3-21,0.0,1.0,1.0,0.0,7.0,0.0,0.0,,,,,
208,中国特色社会主义：为何而自信？,http://mp.weixin.qq.com/s?__biz=MjM5NzA4MDIxNw==&mid=200092135&idx=1&sn=375aa0a2bbc2afc893e280650ab3eeae&chksm=28c6f4111fb17d0725207c6c105b4a2dc20693a89a1b8f0b8585ad35e9ebc67c9772e7ecd66a#rd,1,2014-3-20,0.0,1.0,1.0,0.0,15.0,0.0,0.0,,,,,
209,美国如何以理念影响世界,http://mp.weixin.qq.com/s?__biz=MjM5NzA4MDIxNw==&mid=200091328&idx=1&sn=6e8336b21f5411addac0cda03348f9e5&chksm=28c6fb361fb1722041ff574db8a95c98b5a702a12b003cd77ae4ac5b1b753fc35da37c270854#rd,1,2014-3-19,0.0,1.0,1.0,0.0,10.0,0.0,0.0,,,,,
210,在自由与秩序之间——保守主义在英国政治运作中的制衡作用,http://mp.weixin.qq.com/s?__biz=MjM5NzA4MDIxNw==&mid=200089383&idx=1&sn=5ff489477664c4de8d2e6d1e72d370ed&chksm=28c6c2d11fb14bc750faa346287f1cda05aa784fdc42df39360cd935042f72c7acfb9f6c4a38#rd,1,2014-3-18,0.0,1.0,1.0,0.0,61.0,0.0,0.0,,,,,
211,“正心反腐论”仍是官本位政治学——驳方朝晖教授《反腐败从正人心做起》一文,http://mp.weixin.qq.com/s?__biz=MjM5NzA4MDIxNw==&mid=200088413&idx=1&sn=77a55c99e26dd622e8139ce618177892&chksm=28c6c6ab1fb14fbd9b94296cccd6bbe6e1dbc1a60e06ee5e17fb38e440e25f883b6c36413291#rd,1,2014-3-17,0.0,1.0,1.0,0.0,33.0,0.0,0.0,,,,,
212,户籍改革的制度变迁与利益博弈,http://mp.weixin.qq.com/s?__biz=MjM5NzA4MDIxNw==&mid=200085349&idx=1&sn=c2ea2ac0b661c0f4443141d969dbbfe0&chksm=28c6d2931fb15b85c1c8ff6e009a7936c85c117a43882d077b2d1518aafc55de18be2d9fc505#rd,1,2014-3-14,0.0,1.0,1.0,0.0,14.0,0.0,0.0,,,,,
213,官员的非制度化生存分析,http://mp.weixin.qq.com/s?__biz=MjM5NzA4MDIxNw==&mid=200084505&idx=1&sn=ea3e9dd3f5d1843164db55934f601639&chksm=28c6d1ef1fb158f9017a96eef1f6969ecdc16cfeb011b904578cef3a1737d5dc6c499c0ceb39#rd,1,2014-3-13,0.0,1.0,1.0,0.0,15.0,0.0,0.0,,,,,
214,社会主义国家发展经济的初衷是什么——煤矿工人话语权及主体性消逝的忧思,http://mp.weixin.qq.com/s?__biz=MjM5NzA4MDIxNw==&mid=200083618&idx=1&sn=585daacedc432c4d2b84a1e73876d71f&chksm=28c6d5541fb15c42d01aae16886d6aa1c702cb13a2dfaaf7659bffa490305beccf5f083fb460#rd,1,2014-3-12,0.0,1.0,1.0,0.0,25.0,0.0,0.0,,,,,
215,地方政府治理：分权、竞争与转型,http://mp.weixin.qq.com/s?__biz=MjM5NzA4MDIxNw==&mid=200082210&idx=1&sn=b9b719ffb6d7d59ae44c20c874bb2cfa&chksm=28c6ded41fb157c275b4bc2c29ff4f7dd29f38e10c5b78c51387289ba62c195f24a1b1c6b065#rd,1,2014-3-11,0.0,1.0,1.0,0.0,85.0,0.0,0.0,,,,,
216,深析现代政党政治中的机会主义之害,http://mp.weixin.qq.com/s?__biz=MjM5NzA4MDIxNw==&mid=200081300&idx=1&sn=27f0374ed0b0c2674daf503710fcb8da&chksm=28c722621fb0ab74e95ee7bd10b7b58c819fb9d1eb5909015cfee6aa559c4c7baea5518ebc6f#rd,1,2014-3-10,0.0,1.0,1.0,0.0,65.0,0.0,1.0,,,,,
217,治理理论与中国政府职能重构,http://mp.weixin.qq.com/s?__biz=MjM5NzA4MDIxNw==&mid=200075954&idx=1&sn=dab9cd8027950974fa7e858f965d66b2&chksm=28c737441fb0be522f409a92dd2588a16cce3f2bb84c82654b2266839113dcb52070110bae1a#rd,1,2014-3-7,0.0,1.0,1.0,0.0,16.0,0.0,0.0,,,,,
218,权力边界何在，实话空间几许？——论中国政治传统中的权力与真理关系,http://mp.weixin.qq.com/s?__biz=MjM5NzA4MDIxNw==&mid=200074290&idx=1&sn=e6fb28e246171ca041e600d44df94682&chksm=28c739c41fb0b0d2b122a82b67596a9da12fd4881355675a06d14f8a5deae72086074e63bb51#rd,1,2014-3-6,0.0,1.0,1.0,0.0,60.0,0.0,0.0,,,,,
219,民为政纲：政治权力的道德原则,http://mp.weixin.qq.com/mp/appmsg/show?__biz=MjM5NzA4MDIxNw==&appmsgid=200073221&itemidx=1&sign=495789d79e088db53d501d53cf73ac43#wechat_redirect,idx=1,2014-3-5,0.0,1.0,1.0,0.0,nan,nan,nan,nan,nan,nan,nan,nan
