Unnamed: 0,title,link,post_index,date,have_chaolianjie,have_newmedia,have_tupian1yinpin1shipin,is_origin,read_num,like_num,old_like_num,lis_content,lis_content_like_num,lis_auther_reply,lis_auther_like_num
0,“智能+”时代区块链驱动的现代文化市场体系变革,http://mp.weixin.qq.com/s?__biz=MzU0MTY1NDUzNQ==&mid=2247488318&idx=2&sn=78efbe64c111811331eb1f805d455cbd&chksm=fb27f856cc50714087c5450c5aa541ada362ab1478d88164f439bb6d8f393635fd46a2abf8a0#rd,2,2021-5-31,0.0,1.0,1.0,0.0,335.0,0.0,0.0,,,,
1,网络与数字空间驱动下文化市场增量与中国文化影响力提升,http://mp.weixin.qq.com/s?__biz=MzU0MTY1NDUzNQ==&mid=2247488317&idx=1&sn=4e0ba264cf975e5bc37a6d58f775a519&chksm=fb27f855cc5071434245bde0e541aefa271da4205d2128d4005f8a569ab21139ac061e31adc0#rd,1,2021-5-24,0.0,1.0,1.0,0.0,386.0,1.0,1.0,,,,
2,区块链时代数字货币法律治理的逻辑与限度,http://mp.weixin.qq.com/s?__biz=MzU0MTY1NDUzNQ==&mid=2247488316&idx=1&sn=0e5f4599b3b4d81f637aa2ab4b017ec3&chksm=fb27f854cc507142e646eb0193bfe9883c9388b92fde3c1b078b3cff62bfdf4b0cb664fa3859#rd,1,2021-5-21,0.0,1.0,1.0,0.0,261.0,0.0,0.0,,,,
3,全球数字贸易的格局演进、发展趋势与中国应对——基于跨境数据流动规制的视角,http://mp.weixin.qq.com/s?__biz=MzU0MTY1NDUzNQ==&mid=2247488315&idx=1&sn=381f5aef6bbf00e1644021697e140151&chksm=fb27f853cc5071453fbb5a04ae1be39b2096737b1dfae732aeb31d2962f4ded14fdb51dab792#rd,1,2021-5-20,0.0,1.0,1.0,0.0,198.0,0.0,2.0,,,,
4,抚育私人化困境及社会化公共养育探索,http://mp.weixin.qq.com/s?__biz=MzU0MTY1NDUzNQ==&mid=2247488314&idx=1&sn=bf71ceb0bdcd5807c8a591c5de7aaf5d&chksm=fb27f852cc5071443ab0352f8b1525ac20154db07106fda3d8384e5ce7071103e82606ac3759#rd,1,2021-5-19,0.0,1.0,1.0,0.0,217.0,2.0,1.0,,,,
5,OECD国家的家庭政策借鉴与我国的本土化考量,http://mp.weixin.qq.com/s?__biz=MzU0MTY1NDUzNQ==&mid=2247488313&idx=1&sn=69ef9651ad4fe4e8d3e714a85b2dc78a&chksm=fb27f851cc50714709dfe99643e5fd6812d3b0ca1bfb3cb1644c8bfee7ae0c5c338157d3fabe#rd,1,2021-5-18,0.0,1.0,1.0,0.0,175.0,0.0,1.0,,,,
6,中美经贸协议中的遵守机制研究,http://mp.weixin.qq.com/s?__biz=MzU0MTY1NDUzNQ==&mid=2247488255&idx=1&sn=8f48c8a91dc32ce1ca2ec42b5433e2c1&chksm=fb27f997cc50708154f9bdc89adb78fc5a5bc6d6af5f5b8749d9bf1ba5b9d5b15233ca20df1d#rd,1,2021-5-17,0.0,1.0,1.0,0.0,325.0,5.0,3.0,,,,
7,中美经贸协议下加强知识产权保护的对策建议,http://mp.weixin.qq.com/s?__biz=MzU0MTY1NDUzNQ==&mid=2247488207&idx=1&sn=e5327285342bb3093eb0b8defe6b9c62&chksm=fb27f9a7cc5070b1bebfa4a3383039d098a5a97109cca94d804e9db4042cb7a0813ae9c7a79a#rd,1,2021-5-14,0.0,1.0,1.0,0.0,158.0,0.0,1.0,,,,
8,安全领域“传统”“非传统” 相关概念与理论辨析,http://mp.weixin.qq.com/s?__biz=MzU0MTY1NDUzNQ==&mid=2247488206&idx=1&sn=0fe1de6f00bb7339b768c4e3f33d513c&chksm=fb27f9a6cc5070b0d4144c4bcdabc393fd5ef7cfb084f077142d005f2b77001da9e79cc96ec0#rd,1,2021-5-12,0.0,1.0,1.0,0.0,245.0,0.0,0.0,,,,
9,环评告知承诺审批改革的实践面向及其合法性审视,http://mp.weixin.qq.com/s?__biz=MzU0MTY1NDUzNQ==&mid=2247488204&idx=1&sn=994f4e7240cc981a7771f4f113b0ee36&chksm=fb27f9a4cc5070b214d5381dc460b3d185e6e9ec4003b73b3811c8dc80d6e405558a4ca2f17f#rd,1,2021-5-11,0.0,1.0,1.0,0.0,183.0,0.0,0.0,,,,
10,营商环境市场化法治化的中国思路,http://mp.weixin.qq.com/s?__biz=MzU0MTY1NDUzNQ==&mid=2247488169&idx=1&sn=98892819c751030d76d7b42bc334c7bc&chksm=fb27f9c1cc5070d7ba8786ded1802e8950b59729e47a775cf7bc0ffa0592c2b3057f470faa00#rd,1,2021-5-10,0.0,1.0,1.0,1.0,1470.0,4.0,5.0,,,,
11,《学术论坛》2021年第1期目录,http://mp.weixin.qq.com/s?__biz=MzU0MTY1NDUzNQ==&mid=2247488035&idx=1&sn=5bdaa15684925423d00aa154b97c51a0&chksm=fb27f94bcc50705dfdb1ed1da93fca759f2f528cb1098bf5147c3a578e8992a460f15cd0a3c0#rd,1,2021-4-27,0.0,1.0,1.0,0.0,1925.0,1.0,4.0,,,,
12,《学术论坛》恭祝您新年快乐！牛年大吉！,http://mp.weixin.qq.com/s?__biz=MzU0MTY1NDUzNQ==&mid=2247488025&idx=1&sn=3a0a6a7c99abfdd61ff021b998539155&chksm=fb27f971cc507067715a4f77609b84d85d4ef75e5282c2281f13d944bb24156cded4463f1f2e#rd,1,2021-2-11,0.0,1.0,1.0,0.0,306.0,1.0,2.0,,,,
13,《学术论坛》2020年总目录,http://mp.weixin.qq.com/s?__biz=MzU0MTY1NDUzNQ==&mid=2247488012&idx=1&sn=b78299dedb9ded659d7c662714f356ff&chksm=fb27f964cc507072105a4af7c9de7ce1bd24d907a40ddea1820ba0959e5a4b80e98f57bd4716#rd,1,2021-2-9,0.0,1.0,1.0,0.0,1751.0,6.0,4.0,,,,
14,思想政治教育学科交叉研究的历史回溯,http://mp.weixin.qq.com/s?__biz=MzU0MTY1NDUzNQ==&mid=2247488011&idx=1&sn=a586a77d5eec8c78644595e54307b9fb&chksm=fb27f963cc5070751fe9236f63e18976e59c80fd2840c9474e3508dd74cf588d44fc9847fef2#rd,1,2021-2-8,0.0,1.0,1.0,1.0,829.0,4.0,3.0,,,,
15,思想政治教育学科交叉研究的现状评价,http://mp.weixin.qq.com/s?__biz=MzU0MTY1NDUzNQ==&mid=2247488011&idx=2&sn=f97658581811a9e3241e1839f4565c9c&chksm=fb27f963cc507075c86a7deaafd1d4baa9ad19eb033ed2910b637a9932d8a77fc00c47741071#rd,2,2021-2-8,0.0,1.0,1.0,1.0,1135.0,2.0,5.0,,,,
16,思想政治教育学科交叉研究的新时代展望,http://mp.weixin.qq.com/s?__biz=MzU0MTY1NDUzNQ==&mid=2247488011&idx=3&sn=b1fd478eb5ac7aa6bd43d685d029b887&chksm=fb27f963cc5070754031c085dba47bf94c9ccb8949f634e539b469adfc389b70e8eac3b3ca14#rd,3,2021-2-8,0.0,1.0,1.0,1.0,679.0,1.0,2.0,,,,
17,“哲学的贫困”与“贫困的现实”：马克思对贫困问题的双重批判,http://mp.weixin.qq.com/s?__biz=MzU0MTY1NDUzNQ==&mid=2247487928&idx=1&sn=6ec92b22fdec934b381fbe02278e6dea&chksm=fb27fad0cc5073c614221d8d2ba028107584cb62ade5311bcf7e727c5a735bc91e21dd9ed80a#rd,1,2021-2-2,0.0,1.0,1.0,1.0,593.0,4.0,4.0,,,,
18,财富伦理嵌入贫困治理的价值与实践,http://mp.weixin.qq.com/s?__biz=MzU0MTY1NDUzNQ==&mid=2247487926&idx=1&sn=4ed231612ed56fa915ab3bcaf35131f5&chksm=fb27fadecc5073c84e0f193381bdec42ba87729b7835820822978e4c9e0752770f99f2457d45#rd,1,2021-2-1,0.0,1.0,1.0,1.0,183.0,0.0,0.0,,,,
19,内源性绿色减贫的治理逻辑与实现路径,http://mp.weixin.qq.com/s?__biz=MzU0MTY1NDUzNQ==&mid=2247487925&idx=1&sn=fe88009507a74d8523edf3dce85dce0c&chksm=fb27faddcc5073cbc06b52a8c01342ee392b7250fc938f1b50f25717fb1857623fda44f7d419#rd,1,2021-1-30,0.0,1.0,1.0,1.0,200.0,0.0,0.0,,,,
20,超越结构：产业扶贫中反贫困主体的实践困境——以陕西S高校社工与H企业互动为例与行动协同,http://mp.weixin.qq.com/s?__biz=MzU0MTY1NDUzNQ==&mid=2247487924&idx=1&sn=1f3f97d432c84ef266ec8d8ce491a037&chksm=fb27fadccc5073ca1307fc5b9c1c7f9c45f59e6c2dcee45111a8c389cbe57649a26b1b6cc2cb#rd,1,2021-1-29,0.0,1.0,1.0,1.0,244.0,4.0,16.0,,,,
21,经济体系循环与乡村振兴战略的本质透视 ——基于马克思空间异质再生产模型,http://mp.weixin.qq.com/s?__biz=MzU0MTY1NDUzNQ==&mid=2247487909&idx=1&sn=48a2629071e99764446f115efd2d1130&chksm=fb27facdcc5073dbe25d4f3e3a5c2051724b117191711f90c5e0dcc0285a33916f659e9c1217#rd,1,2021-1-28,0.0,1.0,1.0,1.0,388.0,0.0,2.0,,,,
22,共享经济信任困境及其纾解：基于社会资本理论的视角,http://mp.weixin.qq.com/s?__biz=MzU0MTY1NDUzNQ==&mid=2247487909&idx=2&sn=2bc7ef24194b10e12162a8e980de709d&chksm=fb27facdcc5073dbac868b2178b75611442c7a9ca0f7e4d6e943288db016a4d40591efdd778f#rd,2,2021-1-28,0.0,1.0,1.0,1.0,119.0,0.0,0.0,,,,
23,从传统反恐到人工智能反恐：价值解析及可能手段,http://mp.weixin.qq.com/s?__biz=MzU0MTY1NDUzNQ==&mid=2247487860&idx=1&sn=577871ca1fe7aca204d9b0477d3f16d0&chksm=fb27fa1ccc50730ae49eb988cf69d7b1f4b9b153f4bbeae890816818d7a305f91cf1cbee4be8#rd,1,2021-1-27,0.0,1.0,1.0,1.0,178.0,0.0,0.0,,,,
24,人工智能崛起与当代资本主义生产方式新变化,http://mp.weixin.qq.com/s?__biz=MzU0MTY1NDUzNQ==&mid=2247487841&idx=1&sn=bfb23ae2b7fc7a421030c45b49728d40&chksm=fb27fa09cc50731f90978492cf0a7dae38ff7355d38980892b64fed02257e343df025488a1e3#rd,1,2021-1-26,0.0,1.0,1.0,1.0,288.0,0.0,0.0,,,,
25,我国生态环境部门职责履行责任清单机制构建——以环保部门机构垂直管理改革为背景,http://mp.weixin.qq.com/s?__biz=MzU0MTY1NDUzNQ==&mid=2247487840&idx=1&sn=0014d03eb43e3b1a50d0f1fba25f57c1&chksm=fb27fa08cc50731e51a104712a7ddfbeafff49a303f2068038325d4c323363cd823daf1ef357#rd,1,2021-1-25,0.0,1.0,1.0,1.0,104.0,0.0,0.0,,,,
26,“生态环境损害赔偿诉讼优先论”之思辨——兼论与环境民事公益诉讼的顺位问题,http://mp.weixin.qq.com/s?__biz=MzU0MTY1NDUzNQ==&mid=2247487839&idx=1&sn=73e680a8051db3beceb33000fd8a0f62&chksm=fb27fa37cc5073217f6f92b5fed48049f6295aa0fc871608473808cb745128e4d891c0f47531#rd,1,2021-1-24,0.0,1.0,1.0,1.0,95.0,0.0,0.0,,,,
27,我国生态保护红线立法理念及实践路径探讨,http://mp.weixin.qq.com/s?__biz=MzU0MTY1NDUzNQ==&mid=2247487834&idx=1&sn=dc94b269b5854a4e7a507cbab1b0e05e&chksm=fb27fa32cc50732448643130bdcc6eefb0711e927b410da1ea3c6067e9e60265aa7ddec090c9#rd,1,2021-1-23,0.0,1.0,1.0,0.0,187.0,0.0,0.0,,,,
28,暗网犯罪刑事治理研究,http://mp.weixin.qq.com/s?__biz=MzU0MTY1NDUzNQ==&mid=2247487780&idx=1&sn=9ee679c217b3f2201564ae49bc81f746&chksm=fb27fa4ccc50735a9a8c2e0ee21eedbfb37975bb18c07c1901270dc7dcdec02e9b80df10521e#rd,1,2021-1-22,0.0,1.0,1.0,1.0,140.0,0.0,0.0,,,,
29,滋蔓的暗网及网络空间治理新挑战,http://mp.weixin.qq.com/s?__biz=MzU0MTY1NDUzNQ==&mid=2247487779&idx=1&sn=336611d938337ce6449825fd06faf7a2&chksm=fb27fa4bcc50735d5bff2dd1f02086f0b9467252ccbce0bbd0db008b60f33075ce83212d0c94#rd,1,2021-1-21,0.0,1.0,1.0,1.0,331.0,1.0,0.0,,,,
30,新时代中华传统美德创造性转化的三重维度,http://mp.weixin.qq.com/s?__biz=MzU0MTY1NDUzNQ==&mid=2247487492&idx=1&sn=21fda9b13567908e97b8114ec05c17b6&chksm=fb27fb6ccc50727acdcb091560abb4f050e24758b6fe95c37df5c8f2fe12852e1aa39db6fbb6#rd,1,2020-11-4,0.0,1.0,1.0,1.0,864.0,5.0,6.0,,,,
31,全球化语境中民族主义思潮的复兴及其模式,http://mp.weixin.qq.com/s?__biz=MzU0MTY1NDUzNQ==&mid=2247487491&idx=1&sn=5ccc0d65116b1b9c2ee4c68335eaf666&chksm=fb27fb6bcc50727d86893935968156a0a1c5f7bcd7e763e990a87310df2f863938a1b949ef8b#rd,1,2020-11-3,0.0,1.0,1.0,1.0,2347.0,35.0,143.0,,,,
32,社交媒体的生存样态及其伦理问题管窥 ——技术理性与媒介生态学双重视域下的审视,http://mp.weixin.qq.com/s?__biz=MzU0MTY1NDUzNQ==&mid=2247487476&idx=1&sn=dc7d3e5a0841a881000545e9687a1fb0&chksm=fb27e49ccc506d8afe1f4506c15f4917a8ad0a4bd8f7c592e6e5999c0e8b48f048b358b3124d#rd,1,2020-11-2,0.0,1.0,1.0,1.0,475.0,0.0,0.0,,,,
33,网络文化内容监管的价值冲突与秩序治理,http://mp.weixin.qq.com/s?__biz=MzU0MTY1NDUzNQ==&mid=2247487475&idx=1&sn=20ad0018e7c0b5cbbcbc4c8c843d7e60&chksm=fb27e49bcc506d8d292ff4f6640f968907cbd9d0f76a33f744138d82d409236888e5e0c9e786#rd,1,2020-10-28,0.0,1.0,1.0,1.0,802.0,4.0,0.0,,,,
34,熊十力历史观“体用不二”原则的在场性及其澄明,http://mp.weixin.qq.com/s?__biz=MzU0MTY1NDUzNQ==&mid=2247487460&idx=1&sn=b4fff40dac3c5b25c245c9555dcf2078&chksm=fb27e48ccc506d9a131c810fba10480104ad7f618fb25f44ab7085d9030720402b2d012cf9c0#rd,1,2020-10-26,0.0,1.0,1.0,1.0,156.0,0.0,0.0,,,,
35,资本扩张的空间悖论与人的发展空间的生产 ——兼谈马克思“固定资本就是人本身”的当代价值,http://mp.weixin.qq.com/s?__biz=MzU0MTY1NDUzNQ==&mid=2247487459&idx=1&sn=a44070c5a45520b6fbdad633615399a8&chksm=fb27e48bcc506d9d6f0d7aa4fa08b06625dfed57dd45c6d69990e0f89395ec9dc4ec129a8f57#rd,1,2020-10-25,0.0,1.0,1.0,1.0,366.0,5.0,6.0,,,,
36,金融化世界中的金融理性与资本权力脱域,http://mp.weixin.qq.com/s?__biz=MzU0MTY1NDUzNQ==&mid=2247487458&idx=1&sn=6ae92dae23f7c6b47c9fd2a99d21ea02&chksm=fb27e48acc506d9c22018d0f1ca377ccdb74bfaa5dd74aa13cc8054edbffb6b89afd74ca9732#rd,1,2020-10-24,0.0,1.0,1.0,1.0,176.0,0.0,1.0,,,,
37,电影大数据测绘与“小镇青年”的虚拟民族志,http://mp.weixin.qq.com/s?__biz=MzU0MTY1NDUzNQ==&mid=2247487457&idx=1&sn=d280dce537d37139b2b30afba7ae87cf&chksm=fb27e489cc506d9faa461b0df1e726c6df8844fa3ecfa3d7b52cfac1ccecaffb128c92681473#rd,1,2020-10-23,0.0,1.0,1.0,1.0,153.0,0.0,0.0,,,,
38,升级未来：科幻影像中的人工智能儿童机问题举要,http://mp.weixin.qq.com/s?__biz=MzU0MTY1NDUzNQ==&mid=2247487456&idx=1&sn=a4ef09dec622ed05d4d8b7435e69561a&chksm=fb27e488cc506d9e2684fb4d04b99f5f1e3871c31e09a1e5221fdffc9eb5fab1923bdd8b52d5#rd,1,2020-10-22,0.0,1.0,1.0,1.0,105.0,3.0,1.0,,,,
39,康德对“飞矢不动”悖论解答的思想脉络与历史意义,http://mp.weixin.qq.com/s?__biz=MzU0MTY1NDUzNQ==&mid=2247487455&idx=1&sn=85de327819013d0e722f13553aa23c0f&chksm=fb27e4b7cc506da1e8ed25616972920bead7a878a445affe559e9a96f049e015a7a5aff24412#rd,1,2020-10-21,0.0,1.0,1.0,1.0,221.0,1.0,2.0,,,,
40,突发公共卫生事件防控中爱国主义精神的价值功能及其弘扬,http://mp.weixin.qq.com/s?__biz=MzU0MTY1NDUzNQ==&mid=2247487454&idx=1&sn=ba7ff8a280049403491114d2e4b984ac&chksm=fb27e4b6cc506da00e5ceffe995e20e170816802bb7bd2a5c1ad6908332489f62cde4ac09197#rd,1,2020-10-20,0.0,1.0,1.0,1.0,434.0,2.0,1.0,,,,
41,嵌入式治理视角下的监督资源整合——基于党委审计委员会的协同机制构建,http://mp.weixin.qq.com/s?__biz=MzU0MTY1NDUzNQ==&mid=2247487453&idx=1&sn=2c36898a0a64dd68d53bc19f161d7623&chksm=fb27e4b5cc506da357d3464163c1e1c0f9e2d548b5d91d57e0d3e82dbac726008cd178faf20d#rd,1,2020-10-19,0.0,1.0,1.0,1.0,150.0,2.0,1.0,,,,
42,添附的债权效果及其体系效应——兼评我国《民法典》第三百二十二条,http://mp.weixin.qq.com/s?__biz=MzU0MTY1NDUzNQ==&mid=2247487452&idx=1&sn=c85932615b1c19ca48ca28b6732cf9c7&chksm=fb27e4b4cc506da25e01792c54dddc5385c73d3192b4a1b68fa4eed5d9ec99f83448989a6a4e#rd,1,2020-10-18,0.0,1.0,1.0,1.0,145.0,1.0,1.0,,,,
43,空间与理念：职务犯罪调查权的司法间距——兼评新《刑事诉讼法》第一百七十条,http://mp.weixin.qq.com/s?__biz=MzU0MTY1NDUzNQ==&mid=2247487451&idx=1&sn=f964297e37c67106c76e73c316409a54&chksm=fb27e4b3cc506da5a79c67e4ef9b91ab0c5e018fda6ef9a31266c2f40109ab985c57aa2aefb4#rd,1,2020-10-17,0.0,1.0,1.0,1.0,108.0,2.0,1.0,,,,
44,发展的政治：新型基础设施建设的国家治理检视,http://mp.weixin.qq.com/s?__biz=MzU0MTY1NDUzNQ==&mid=2247487450&idx=1&sn=7fac2704883c4d3e2964ffb85f66a84a&chksm=fb27e4b2cc506da49d89dc9a9c9b29a275e327a4d3336c68a6fbdd6ce18c188e3730e42277f7#rd,1,2020-10-15,0.0,1.0,1.0,0.0,246.0,0.0,1.0,,,,
45,区块链+粤港澳大湾区协同创新共同体构建分析,http://mp.weixin.qq.com/s?__biz=MzU0MTY1NDUzNQ==&mid=2247487449&idx=1&sn=c02da727320e0b5220604bcb5367d7c5&chksm=fb27e4b1cc506da7f81981d4c61caf8c7d456f3b85e6d55ce33184c2497d7c3f24a5bfd5bb96#rd,1,2020-10-14,0.0,1.0,1.0,0.0,172.0,0.0,1.0,,,,
46,开发区政策与企业生产效率 ——理论辨析和实证检验,http://mp.weixin.qq.com/s?__biz=MzU0MTY1NDUzNQ==&mid=2247487448&idx=1&sn=a3266ef088ca9111b18510f9d12a1303&chksm=fb27e4b0cc506da60d40fc4a5edea802eb114678e665ec3da150b7b74aec5c57776ad9f5a74d#rd,1,2020-10-13,0.0,1.0,1.0,0.0,257.0,4.0,5.0,,,,
47,《学术论坛》2020年第4期目录,http://mp.weixin.qq.com/s?__biz=MzU0MTY1NDUzNQ==&mid=2247487394&idx=1&sn=40baf7bfc463f4cf2d0a21df7903fb90&chksm=fb27e4cacc506ddc8adc06b71a97d46bc13dd1f038971db49a0db57e2dccfe5fe3fddd55fa09#rd,1,2020-10-11,0.0,1.0,1.0,0.0,2093.0,4.0,7.0,,,,
48,网络空间道德建设的逻辑理路探析,http://mp.weixin.qq.com/s?__biz=MzU0MTY1NDUzNQ==&mid=2247487194&idx=1&sn=ecfcfffdba8678ec1e0f93c4c6ea9ccb&chksm=fb27e5b2cc506ca4cbf56f1c0d35453f43afddb4f7f99d94ecd9beaba429209cc8c81fad9c97#rd,1,2020-9-10,0.0,1.0,1.0,1.0,219.0,0.0,2.0,,,,
49,新时代高校思政课“金课”建设的“四底”保障析论,http://mp.weixin.qq.com/s?__biz=MzU0MTY1NDUzNQ==&mid=2247487193&idx=1&sn=d3ffaa9a6bef90e3a89887473693e7eb&chksm=fb27e5b1cc506ca774b55853b1a70fb979e2ad4df0279a727cb8fd2e821f5cf83e92ed986811#rd,1,2020-9-9,0.0,1.0,1.0,1.0,204.0,0.0,0.0,,,,
50,文化遗产的区隔与保护：以福建土楼的民族志调查为例,http://mp.weixin.qq.com/s?__biz=MzU0MTY1NDUzNQ==&mid=2247487192&idx=1&sn=8656728f2211c52008b5af5460aad97e&chksm=fb27e5b0cc506ca60bb0d4573ba82c57df6932481121a8bad6128118c6d13889af46909c0707#rd,1,2020-9-8,0.0,1.0,1.0,1.0,130.0,0.0,0.0,,,,
51,物件、地方与实践：重思遗产的总体性内涵,http://mp.weixin.qq.com/s?__biz=MzU0MTY1NDUzNQ==&mid=2247487191&idx=1&sn=d6a542eafc1c94e1d4fb200580ab3cb9&chksm=fb27e5bfcc506ca9d005912a7f1f1da8febac6c474f252a7b080fd03bf11c5f117a8bc241191#rd,1,2020-9-7,0.0,1.0,1.0,1.0,84.0,1.0,1.0,,,,
52,岩佐茂的生活逻辑特质及其环境实践观,http://mp.weixin.qq.com/s?__biz=MzU0MTY1NDUzNQ==&mid=2247487190&idx=1&sn=0114cad6370bdcb676b8ceed7dd07b97&chksm=fb27e5becc506ca8f75afd8a92a8bdfc9670e7e9102e68b9850ccb6de3933d84b24c54b8137d#rd,1,2020-8-26,0.0,1.0,1.0,1.0,126.0,0.0,0.0,,,,
53,詹姆士早期彻底经验论的重建：1896年序言和“内在宽容的精神”,http://mp.weixin.qq.com/s?__biz=MzU0MTY1NDUzNQ==&mid=2247487189&idx=1&sn=4846c42df1c84dc6cafc133f384c96b8&chksm=fb27e5bdcc506cabac38ce0b839973ab037109dbe423a0d42e82fdf95d3a7d11f204f3fe7657#rd,1,2020-8-25,0.0,1.0,1.0,1.0,124.0,0.0,0.0,,,,
54,产业集聚对我国区域创新影响的门槛效应研究,http://mp.weixin.qq.com/s?__biz=MzU0MTY1NDUzNQ==&mid=2247487188&idx=1&sn=d3bb7066a652b3dbab1dd5d25ab6f78d&chksm=fb27e5bccc506caa3e5cd736a4b803a091f1a3aa7a315b382fc435b895dfd0f39c762af7f226#rd,1,2020-8-22,0.0,1.0,1.0,0.0,154.0,0.0,1.0,,,,
55,基于系统动力学的高速铁路影响城市创新模拟仿真研究,http://mp.weixin.qq.com/s?__biz=MzU0MTY1NDUzNQ==&mid=2247487187&idx=1&sn=336ea95d339ed11067d2b208891f934d&chksm=fb27e5bbcc506cadd1e8a5f3a590c59e4d6e7293a6d686c24fc8a05e7b798cfc8350a315b0de#rd,1,2020-8-21,0.0,1.0,1.0,0.0,147.0,0.0,0.0,,,,
56,医疗损害责任适用赔礼道歉正当性研究,http://mp.weixin.qq.com/s?__biz=MzU0MTY1NDUzNQ==&mid=2247487186&idx=1&sn=cfc4fd3045fcbdf950ad36e307585c27&chksm=fb27e5bacc506cac1dec2debccc8e04f6ae95a713973a5d0cbdc153576a7eb79007e34f25184#rd,1,2020-8-19,0.0,1.0,1.0,1.0,87.0,1.0,1.0,,,,
57,精神损害赔偿同案同判：实证检验和实现路径,http://mp.weixin.qq.com/s?__biz=MzU0MTY1NDUzNQ==&mid=2247487185&idx=1&sn=42f0e09ff61a43ae8809558047347922&chksm=fb27e5b9cc506caf076960a800512837d46e0ddc1d8023532851c4ed743323cace9845ab2576#rd,1,2020-8-18,0.0,1.0,1.0,1.0,106.0,2.0,2.0,,,,
58,恶意数据爬取行为的刑法规制研究,http://mp.weixin.qq.com/s?__biz=MzU0MTY1NDUzNQ==&mid=2247487184&idx=1&sn=b91e23c7b785bf3a952ee51dcdce684c&chksm=fb27e5b8cc506caeb00f56843772c05d3584c24fec3a640f8217f83f3eceed4dd1f1a9063803#rd,1,2020-8-15,0.0,1.0,1.0,1.0,195.0,1.0,1.0,,,,
59,衍生数据的财产属性及其刑法保护路径,http://mp.weixin.qq.com/s?__biz=MzU0MTY1NDUzNQ==&mid=2247487183&idx=1&sn=c90ebf633932c891d7e28e0da1f0b9bf&chksm=fb27e5a7cc506cb1374bfd41f632d3b17da222f0f590e4242601a570125e173d42f44c2f1d93#rd,1,2020-8-14,0.0,1.0,1.0,1.0,160.0,1.0,1.0,,,,
60,数字经济新业态的竞争法治调整及走向,http://mp.weixin.qq.com/s?__biz=MzU0MTY1NDUzNQ==&mid=2247487182&idx=1&sn=f7243cb95bde984f2e72a1529b78ffa3&chksm=fb27e5a6cc506cb03efee0d7d375fee8b36e8c4505cb8895e915e61f9c03ca0eaf55c5cbc866#rd,1,2020-8-13,0.0,1.0,1.0,1.0,301.0,2.0,2.0,,,,
61,研发能力：企业“机器换人”的一个内生动因 ——以广东省制造业企业为例,http://mp.weixin.qq.com/s?__biz=MzU0MTY1NDUzNQ==&mid=2247487111&idx=1&sn=f72d4edda72df10797b12d5643622eb1&chksm=fb27e5efcc506cf932e3bd1d42f79199d9abf5c12389c79ffe6de59b41773a5e2c89140abadb#rd,1,2020-8-5,0.0,1.0,1.0,1.0,98.0,0.0,0.0,,,,
62,半数岗位易替代：警惕“机器换人”的技术性失业风险 ——基于2018年广东省制造业企业调查数据的分析,http://mp.weixin.qq.com/s?__biz=MzU0MTY1NDUzNQ==&mid=2247487063&idx=1&sn=011d389f272258ec78e46a209dbca811&chksm=fb27e53fcc506c29bd709c83a409c9ce77bbdc196a16b4c2b7d8e6a54c347a38b0b069e0c0bb#rd,1,2020-8-3,0.0,1.0,1.0,1.0,247.0,2.0,2.0,,,,
63,“世界工厂”的“凤凰涅槃”——中国制造业“机器换人”的经济社会意义,http://mp.weixin.qq.com/s?__biz=MzU0MTY1NDUzNQ==&mid=2247487062&idx=1&sn=f19a6e2876828448cda4bef31583830c&chksm=fb27e53ecc506c28575513109d5cb712ae6f2d452b94e6cbeb34f1c0497b5342bc86bb8a5fee#rd,1,2020-8-1,0.0,1.0,1.0,1.0,246.0,1.0,0.0,,,,
64,《学术论坛》2020年第3期目录,http://mp.weixin.qq.com/s?__biz=MzU0MTY1NDUzNQ==&mid=2247487022&idx=1&sn=ccd324342b9d161cc9c239e8d3c84fca&chksm=fb27e546cc506c50d4363c1818e796cf2f9762ca386fb363c55759cf42a265928f2a8c4277b9#rd,1,2020-7-30,0.0,1.0,1.0,0.0,2521.0,8.0,7.0,,,,
65,金融科技、数字货币与全球金融体系重构,http://mp.weixin.qq.com/s?__biz=MzU0MTY1NDUzNQ==&mid=2247486872&idx=1&sn=8b7ef624f3b68ea9963ab853099db711&chksm=fb27e6f0cc506fe6321ddba61b393bcac967fd4607c5d9c3e3b7b02950785e517d3b47419658#rd,1,2020-6-7,0.0,1.0,1.0,1.0,260.0,1.0,0.0,,,,
66,数字化基础、金融科技与经济发展,http://mp.weixin.qq.com/s?__biz=MzU0MTY1NDUzNQ==&mid=2247486872&idx=2&sn=f1eb9a50cffb221753f88c956739212e&chksm=fb27e6f0cc506fe6902a2ad86b2b87a56de88b90c1bad7536f4d987236f31318884c0d17d82d#rd,2,2020-6-7,0.0,1.0,1.0,1.0,186.0,0.0,0.0,,,,
67,数字货币与中国货币政策转型研究,http://mp.weixin.qq.com/s?__biz=MzU0MTY1NDUzNQ==&mid=2247486871&idx=1&sn=dee9775ca3bb7cda495af22d12e9df07&chksm=fb27e6ffcc506fe9637787adbd3d99351636846e31796735b1f02c430cc8ba51f1e7163527d2#rd,1,2020-6-6,0.0,1.0,1.0,0.0,450.0,1.0,0.0,,,,
68,论新时代高校思想政治理论课的内生能力建设,http://mp.weixin.qq.com/s?__biz=MzU0MTY1NDUzNQ==&mid=2247486858&idx=1&sn=8dd607811bfa2e666ab3c7ddc65d5481&chksm=fb27e6e2cc506ff44aa620f83f4bc47d47c060ed2b4eb720383238b6840681aed024a0600092#rd,1,2020-6-5,0.0,1.0,1.0,1.0,1253.0,3.0,0.0,,,,
69,激发思想政治理论课改革创新的深层力量​,http://mp.weixin.qq.com/s?__biz=MzU0MTY1NDUzNQ==&mid=2247486850&idx=1&sn=de4ad28ec91008e73b2559cfbf89549e&chksm=fb27e6eacc506ffc542bfa513d2d90769e83e8d9f64fbe89390486f54c87ad6034ebe6eab5fb#rd,1,2020-6-4,0.0,1.0,1.0,1.0,1693.0,13.0,1.0,,,,
70,不平等与环境两大危机及其应对——世界史分析的方法论意义及历史学家的任务,http://mp.weixin.qq.com/s?__biz=MzU0MTY1NDUzNQ==&mid=2247486838&idx=1&sn=d0d8b53880485af1d0384a66f1326e77&chksm=fb27e61ecc506f08b14817af39b2ef83b25de9ecc8162287994ef1d149c94773a750507a4474#rd,1,2020-6-3,0.0,1.0,1.0,0.0,143.0,1.0,0.0,,,,
71,制度环境、资源特征与化债选择 ——地方政府债务化解的社会学分析,http://mp.weixin.qq.com/s?__biz=MzU0MTY1NDUzNQ==&mid=2247486805&idx=1&sn=c57396e597384f6c24c936bbece250fe&chksm=fb27e63dcc506f2b4b32dd027015423e3b0ddbaa6a6f5243f294abe1f32b6c84cabd59382d96#rd,1,2020-6-2,0.0,1.0,1.0,1.0,1178.0,11.0,0.0,,,,
72,地方金融治理的三个维度：基于经济社会学视角的分析,http://mp.weixin.qq.com/s?__biz=MzU0MTY1NDUzNQ==&mid=2247486804&idx=1&sn=637ad993cb08dade7ab6c350e5174ed6&chksm=fb27e63ccc506f2ac93c27c7f195f1478cd57786ceace6734bc6abe88b5fa69a85167facb7c9#rd,1,2020-6-1,0.0,1.0,1.0,1.0,1593.0,3.0,0.0,,,,
73,法理与逻辑：职务违法监察对象权利救济的司法路径,http://mp.weixin.qq.com/s?__biz=MzU0MTY1NDUzNQ==&mid=2247486786&idx=1&sn=c427dc009c427222bc857e5b3ee982a0&chksm=fb27e62acc506f3c9b1241c24f29fb9e42eb24a637a2f9113cf689d26aa16b4538fd40dcca07#rd,1,2020-5-30,0.0,1.0,1.0,1.0,179.0,0.0,1.0,,,,
74,国家监察全覆盖的内涵、原则及重点,http://mp.weixin.qq.com/s?__biz=MzU0MTY1NDUzNQ==&mid=2247486785&idx=1&sn=f9c008c181382345a225594fd3db0cba&chksm=fb27e629cc506f3fd581ea26a11d2f7fcab770de51f262af6cd86bb9cee7ce64a0312b11b602#rd,1,2020-5-29,0.0,1.0,1.0,1.0,350.0,1.0,0.0,,,,
75,法人的人格权研究（下）——法人人格权的类型、性质及侵害后果,http://mp.weixin.qq.com/s?__biz=MzU0MTY1NDUzNQ==&mid=2247486784&idx=1&sn=5d8dfd9112806fd7fcf907e27af9deee&chksm=fb27e628cc506f3e03f69f930150367757579bba3a33cf1625b70b89fced39327c7a8574a7db#rd,1,2020-5-28,0.0,1.0,1.0,1.0,231.0,1.0,0.0,,,,
76,论我国民法典编纂对代理立法例及体系的重构,http://mp.weixin.qq.com/s?__biz=MzU0MTY1NDUzNQ==&mid=2247486761&idx=1&sn=9d517eeecc06372f203cd8a5ae248800&chksm=fb27e641cc506f572d73617132c9c6e2060892b2128ef2d0a16048e5719826889f7d16db275f#rd,1,2020-5-27,0.0,1.0,1.0,1.0,326.0,2.0,0.0,,,,
77,《学术论坛》2020年第2期目录,http://mp.weixin.qq.com/s?__biz=MzU0MTY1NDUzNQ==&mid=2247486760&idx=1&sn=bc015a40a2953a77efd12aecc2dfbea1&chksm=fb27e640cc506f56592c1711e239a1225f0953909bfae1168b5b57a8bec7f7eda421487ae329#rd,1,2020-5-26,0.0,1.0,1.0,0.0,2222.0,7.0,0.0,,,,
78,发生学视域下文化折扣形成的内在逻辑及实践理路,http://mp.weixin.qq.com/s?__biz=MzU0MTY1NDUzNQ==&mid=2247486616&idx=1&sn=c3cd3559413799699f64d8e76fd0d008&chksm=fb27e7f0cc506ee650f82d222d0cabc03c0e761a1965c27844b0a6bbaf52e4519e399519527f#rd,1,2020-4-17,0.0,1.0,1.0,1.0,982.0,3.0,0.0,,,,
79,中国制度文化在推动人类命运共同体建构中的示范价值,http://mp.weixin.qq.com/s?__biz=MzU0MTY1NDUzNQ==&mid=2247486612&idx=1&sn=b7b9fc3365e01cb799460281c53ca427&chksm=fb27e7fccc506eeae8bb0c85c89b4d71616ab663f91a5f984061c95ad704689cca4d55e2e86d#rd,1,2020-4-13,0.0,1.0,1.0,1.0,1199.0,2.0,0.0,,,,
80,“一带一路”背景下中国内陆城市对外贸易格局演变及影响因素分析 ——以重庆市为例,http://mp.weixin.qq.com/s?__biz=MzU0MTY1NDUzNQ==&mid=2247486604&idx=1&sn=3077d4cd70a3b4c01e7028e4d6b9d9f7&chksm=fb27e7e4cc506ef2a7d8e9856c00afa70dcd728445e844166efc1aaf2e6903a650e13bd926eb#rd,1,2020-4-9,0.0,1.0,1.0,0.0,599.0,0.0,0.0,,,,
81,工业绿色化：理论本质、判定依据与实践路径研究,http://mp.weixin.qq.com/s?__biz=MzU0MTY1NDUzNQ==&mid=2247486601&idx=1&sn=5f44311c0c0bd166eae41102523fb2b3&chksm=fb27e7e1cc506ef761ed85ae9bce2797b853bf9adabb2cebe03b4aec721e07f360c85ba6ab54#rd,1,2020-4-8,0.0,1.0,1.0,0.0,186.0,3.0,0.0,,,,
82,纵横联动：粤港澳大湾区政府间关系的理论分析,http://mp.weixin.qq.com/s?__biz=MzU0MTY1NDUzNQ==&mid=2247486594&idx=1&sn=bbdfc2879b05491d770c3dd99dc847bf&chksm=fb27e7eacc506efc06027f80854cc2fda29a32448fbf9c8047aec7640c32fd0c5e3400fed144#rd,1,2020-4-7,0.0,1.0,1.0,1.0,236.0,1.0,1.0,,,,
83,港澳青年跨境就业创业政策的心理融合效应及其认知机制——基于行为公共管理的视角,http://mp.weixin.qq.com/s?__biz=MzU0MTY1NDUzNQ==&mid=2247486594&idx=2&sn=e759f3a92087cfbd4fe8cf39d89e06cf&chksm=fb27e7eacc506efc4404c0fb2491acb743f25984530cef9631940c7b520857728b0327eca273#rd,2,2020-4-7,0.0,1.0,1.0,1.0,336.0,0.0,0.0,,,,
84,粤港澳大湾区建设的政治逻辑,http://mp.weixin.qq.com/s?__biz=MzU0MTY1NDUzNQ==&mid=2247486594&idx=3&sn=8696d802bf8477ac835e368fa1f4fb95&chksm=fb27e7eacc506efc438e24a6cae09eaf63f9cf2785ab02d4a6272e7c37315a141dd01c22bf04#rd,3,2020-4-7,0.0,1.0,1.0,1.0,630.0,0.0,0.0,,,,
85,科幻电影的技术进化和语言失灵 ——关于动力技术与悬置技术的再阐释,http://mp.weixin.qq.com/s?__biz=MzU0MTY1NDUzNQ==&mid=2247486579&idx=1&sn=17f3833a525a399000e832cfb1398bc5&chksm=fb27e71bcc506e0d3b6d572030ce58bc5bcbaf302f33689866410f6a68b5a889e4be781bb5ad#rd,1,2020-4-4,0.0,1.0,1.0,1.0,396.0,2.0,0.0,,,,
86,电影的艺术介入：抑郁症主体的生命故事、创伤建构与影像赋权,http://mp.weixin.qq.com/s?__biz=MzU0MTY1NDUzNQ==&mid=2247486579&idx=2&sn=bf6a3ba77f58777e8319f86556a29c4d&chksm=fb27e71bcc506e0dccd54de439ef626ae005cce2f1325cfc56d2ddcb6dbc2cd17b9138d38ecf#rd,2,2020-4-4,0.0,1.0,1.0,1.0,299.0,2.0,1.0,,,,
87,计算·模拟·实验：计算社会科学的三大研究方法,http://mp.weixin.qq.com/s?__biz=MzU0MTY1NDUzNQ==&mid=2247486562&idx=1&sn=d7ab4b6488b72ae06a4f72e58201e336&chksm=fb27e70acc506e1c0000e521c21edcfc2f5fed7375a155a7d557084b50fd54b50d09e6975dd5#rd,1,2020-4-3,0.0,1.0,1.0,1.0,360.0,1.0,0.0,,,,
88,中国知识产权保护的法律边界,http://mp.weixin.qq.com/s?__biz=MzU0MTY1NDUzNQ==&mid=2247486552&idx=1&sn=27ff578a215d746ffdb33470a0d1efc2&chksm=fb27e730cc506e267004684a2076f528cfdfbec3d3bd2c198c6abd3515b9b9a1042b4577eed0#rd,1,2020-4-2,0.0,1.0,1.0,1.0,258.0,1.0,0.0,,,,
89,法治经济下规制算法运行面临的挑战与响应,http://mp.weixin.qq.com/s?__biz=MzU0MTY1NDUzNQ==&mid=2247486551&idx=1&sn=07a5c6094c9c0b783aa7c423ff5bada1&chksm=fb27e73fcc506e29f9a0c848e176eafedb724456ccf5cb928f0ddcd987aa2ab3e81d11bc8171#rd,1,2020-4-1,0.0,1.0,1.0,1.0,298.0,4.0,0.0,,,,
90,建设“更加成熟更加定型”制度体系的法治探讨,http://mp.weixin.qq.com/s?__biz=MzU0MTY1NDUzNQ==&mid=2247486550&idx=1&sn=63555bb2343ee3aea990b6c65732fccb&chksm=fb27e73ecc506e28235168e090fad8711e68f07c0ddcaabafbf71976da437a26a8966eea4c5b#rd,1,2020-3-31,0.0,1.0,1.0,1.0,306.0,1.0,0.0,,,,
91,《学术论坛》2020年第1期目录,http://mp.weixin.qq.com/s?__biz=MzU0MTY1NDUzNQ==&mid=2247486408&idx=1&sn=0789aaf0b04fc6c12e817100ace94b35&chksm=fb27e0a0cc5069b61aa02bdc39cd690a1f03c2e20a7bc64d36f139c49b0017577db5d5077bf4#rd,1,2020-3-30,0.0,1.0,1.0,0.0,1983.0,1.0,0.0,,,,
92,商标平行进口关系重心的位移与反不正当竞争法的补充规制,http://mp.weixin.qq.com/s?__biz=MzU0MTY1NDUzNQ==&mid=2247486401&idx=1&sn=1d77a6bc2d77f816fb4d97dbc78e5791&chksm=fb27e0a9cc5069bfbf9b3ed47708291e84cca55f53bbae6fee06b18f58f8ea0780b34394a407#rd,1,2020-3-27,0.0,1.0,1.0,1.0,88.0,1.0,0.0,,,,
93,成本效益分析法在我国地方经济立法中的适用及改进,http://mp.weixin.qq.com/s?__biz=MzU0MTY1NDUzNQ==&mid=2247486400&idx=1&sn=3e50ba2e16f6878cf51842cc20610539&chksm=fb27e0a8cc5069be3aa4a238214d1ef8710c6b6da3ab03d314c8c6bfb635c58a2a2459b9bafc#rd,1,2020-3-25,0.0,1.0,1.0,1.0,223.0,0.0,0.0,,,,
94,阶梯式从宽量刑不同诉讼阶段的认罪认罚,http://mp.weixin.qq.com/s?__biz=MzU0MTY1NDUzNQ==&mid=2247486399&idx=1&sn=4fdfede73d1fd3629dc26dea5b7fa7ed&chksm=fb27e0d7cc5069c15b02adf2284afa334f57289c47927518ec793c4ad7281b7eacdd43fdec99#rd,1,2020-3-24,0.0,1.0,1.0,1.0,320.0,1.0,0.0,,,,
95,大学生抗逆力的外部影响因素分析  ——以北京市高校为例,http://mp.weixin.qq.com/s?__biz=MzU0MTY1NDUzNQ==&mid=2247486398&idx=1&sn=7549cb687387563f768c08276ecdf660&chksm=fb27e0d6cc5069c04205c8c0360221b3e55afbc571296b364944f247193c9cc17a1a3e5e54ca#rd,1,2020-3-22,0.0,1.0,1.0,1.0,233.0,2.0,0.0,,,,
96,逻辑理路与基本模型：思想素质结构论析,http://mp.weixin.qq.com/s?__biz=MzU0MTY1NDUzNQ==&mid=2247486397&idx=1&sn=13234bd67bf96f4d31786b02f7b6b0b0&chksm=fb27e0d5cc5069c320a0b48e656c131364fa4e347caf347e33c8b1e2615848ba470f64902f65#rd,1,2020-3-21,0.0,1.0,1.0,1.0,1478.0,9.0,0.0,,,,
97,习近平语言艺术对新时代思想政治教育话语创新的启示,http://mp.weixin.qq.com/s?__biz=MzU0MTY1NDUzNQ==&mid=2247486396&idx=1&sn=7343ec4b575695d9953649eacf792708&chksm=fb27e0d4cc5069c2dfc8cd833dd2c4da9c78054dace583c5144ed3d7944bc76e1c6b5b99ad61#rd,1,2020-3-20,0.0,1.0,1.0,1.0,1114.0,8.0,1.0,,,,
98,澳大利亚非洲英语文学研究的崛起与非洲区域形象的建构,http://mp.weixin.qq.com/s?__biz=MzU0MTY1NDUzNQ==&mid=2247486384&idx=1&sn=ee6cadab483a206a413bdca442cad7c5&chksm=fb27e0d8cc5069ce496b408b63b35e451a2d5d46b040b11febb19c5ccbd2da4d9493ac9d9337#rd,1,2020-3-19,0.0,1.0,1.0,1.0,43.0,0.0,0.0,,,,
99,穿越男性秘境的新女性——小说《在乡下》中的女性主义观念与两性认同,http://mp.weixin.qq.com/s?__biz=MzU0MTY1NDUzNQ==&mid=2247486384&idx=2&sn=c8d67fe5239941ea881262e3c0c663ad&chksm=fb27e0d8cc5069cefb4ed46f18851cbb9c3a11fa59a27850497c9cd05a41cd19f7cbf14f9b4a#rd,2,2020-3-19,0.0,1.0,1.0,1.0,83.0,0.0,0.0,,,,
100,人工智能下人机界定的理论困境,http://mp.weixin.qq.com/s?__biz=MzU0MTY1NDUzNQ==&mid=2247486383&idx=1&sn=a58a4476387350c99b6abd30dc8d3fc1&chksm=fb27e0c7cc5069d179cc0efabf7f650c66fff4ff5feedb870d69c52d4abf73bca84b739e28fb#rd,1,2020-3-18,0.0,1.0,1.0,1.0,146.0,0.0,0.0,,,,
101,精神、“人是机器”与人工智能 ——关于第三实体的讨论,http://mp.weixin.qq.com/s?__biz=MzU0MTY1NDUzNQ==&mid=2247486383&idx=2&sn=91b8c249c456a126ddc7e26d629c78b2&chksm=fb27e0c7cc5069d1dc8d7523a7d1547dbab0be3747c87bdbee998db57834789c0ffd26a3614f#rd,2,2020-3-18,0.0,1.0,1.0,1.0,76.0,0.0,0.0,,,,
102,创建宽窄哲学的理论审视与实践逻辑,http://mp.weixin.qq.com/s?__biz=MzU0MTY1NDUzNQ==&mid=2247486383&idx=3&sn=2def1c11cf8982d430b9e52634d20c76&chksm=fb27e0c7cc5069d1760fdadc86a8253db03040f3b27e897f2a21c42694382fe9242f5c43aed5#rd,3,2020-3-18,0.0,1.0,1.0,1.0,34.0,0.0,0.0,,,,
103,空间正义：资本主义都市化的人类地理学批判,http://mp.weixin.qq.com/s?__biz=MzU0MTY1NDUzNQ==&mid=2247486383&idx=4&sn=1adb6221b75546ae35f5c56a0bd45381&chksm=fb27e0c7cc5069d1a0aa849f50ee86f5fece069abef0bbc71d4b36ccffbb3a9f031500f98e9d#rd,4,2020-3-18,0.0,1.0,1.0,1.0,140.0,0.0,0.0,,,,
104,马克思《巴黎手稿》中“市民社会”一词消失的意义,http://mp.weixin.qq.com/s?__biz=MzU0MTY1NDUzNQ==&mid=2247486383&idx=5&sn=bd30eb74e30ef2d4b0e1a6c34d5a3552&chksm=fb27e0c7cc5069d11c98c784a98ccb4a9e0f663b51745c8bb7e1751f25d09530c2256fa6b720#rd,5,2020-3-18,0.0,1.0,1.0,1.0,89.0,0.0,0.0,,,,
105,高质量发展视域下长三角城市群经济社会与资源环境耦合分析,http://mp.weixin.qq.com/s?__biz=MzU0MTY1NDUzNQ==&mid=2247486378&idx=1&sn=a8a742e246f427fe0e30f401b3b11451&chksm=fb27e0c2cc5069d41912f56190803373092427b64982df99a0cd9078b7da46740ccf748e3dbf#rd,1,2020-3-17,0.0,1.0,1.0,0.0,153.0,0.0,0.0,,,,
106,社会生态系统视域下中俄人口问题及政策比较研究,http://mp.weixin.qq.com/s?__biz=MzU0MTY1NDUzNQ==&mid=2247486377&idx=1&sn=1d16914a5c56559ad6efc460f396705b&chksm=fb27e0c1cc5069d7d4d800a5a49c891278954c964d90136e186573629deb396930295cc4a9b4#rd,1,2020-3-16,0.0,1.0,1.0,0.0,118.0,0.0,0.0,,,,
107,韩国“经济危机世代”问题研究,http://mp.weixin.qq.com/s?__biz=MzU0MTY1NDUzNQ==&mid=2247486376&idx=1&sn=25c819d806720b4e8bcc2bdf32f1c858&chksm=fb27e0c0cc5069d6ccc0000970b5a945dad9fe1a55ef7f57599fe9f6bd67ac4eab114b897711#rd,1,2020-3-15,0.0,1.0,1.0,0.0,216.0,1.0,3.0,,,,
108,《学术论坛》2019年第6期目录,http://mp.weixin.qq.com/s?__biz=MzU0MTY1NDUzNQ==&mid=2247486375&idx=1&sn=d4d6b982c45383bb77cd023f83291428&chksm=fb27e0cfcc5069d9266566feb922d4f62a67ff18bd7f0f1cc4ae104cb3d6dc3db97861f4f85a#rd,1,2020-3-13,0.0,1.0,1.0,0.0,598.0,0.0,0.0,,,,
109,“一带一路”视域下文化“走出去”的逻辑理路——基于广西文化“走东盟”的实践思考,http://mp.weixin.qq.com/s?__biz=MzU0MTY1NDUzNQ==&mid=2247486375&idx=2&sn=d81e64b91a5816605acdba47f4f17a7f&chksm=fb27e0cfcc5069d9d053e016074266ef5f4ff356aa9abfe392b673e673d3eaaba4d2fc915628#rd,2,2020-3-13,0.0,1.0,1.0,1.0,335.0,0.0,0.0,,,,
110,《学术论坛》经济栏目2020年重点选题,http://mp.weixin.qq.com/s?__biz=MzU0MTY1NDUzNQ==&mid=2247486189&idx=1&sn=79b6bd2e67c45068d4844f5c9d7cec68&chksm=fb27e185cc5068932c1e62ca222782e29425af34ced6320cc56b9b0a8e0218479faa4f247e81#rd,1,2020-2-27,0.0,1.0,1.0,0.0,746.0,4.0,0.0,,,,
111,《学术论坛》2019年总目录,http://mp.weixin.qq.com/s?__biz=MzU0MTY1NDUzNQ==&mid=2247486179&idx=1&sn=34738f42988ed0b42cef9e620eba5f45&chksm=fb27e18bcc50689d5f99c7edea3361f9810f68963f7c758b2137993e789cfef2004f8a234683#rd,1,2020-2-26,0.0,1.0,1.0,1.0,1359.0,2.0,0.0,,,,
112,《学术论坛》恭祝您鼠年大吉！安康顺意！,http://mp.weixin.qq.com/s?__biz=MzU0MTY1NDUzNQ==&mid=2247486174&idx=1&sn=1939fdc3d7a3fa99269604b2b7783c52&chksm=fb27e1b6cc5068a0a1fbee0c6492973ccc57019f3812dd079f63fad7d43e4dd5078cac16b86c#rd,1,2020-1-25,0.0,1.0,1.0,0.0,90.0,1.0,0.0,,,,
113,如何让法学成为科学——走向科学的法学变革与理论重构,http://mp.weixin.qq.com/s?__biz=MzU0MTY1NDUzNQ==&mid=2247486166&idx=1&sn=9032f014dd842b4e4e79014ac074aa53&chksm=fb27e1becc5068a8d0dfff7c17f55f66a1ad9d68d8b14822a6778e7eb5b23c5eb28e197c632e#rd,1,2020-1-9,0.0,1.0,1.0,1.0,198.0,0.0,0.0,,,,
114,论新时代精准思想政治教育的逻辑向度,http://mp.weixin.qq.com/s?__biz=MzU0MTY1NDUzNQ==&mid=2247486164&idx=1&sn=29abed041adb967e45f9875045e2a3eb&chksm=fb27e1bccc5068aa83b38968cbce14785b7976e648d09e6549612e772e5c73c523a7725eb8cf#rd,1,2020-1-4,0.0,1.0,1.0,1.0,727.0,3.0,0.0,,,,
115,精准思政：内涵生成与结构演化,http://mp.weixin.qq.com/s?__biz=MzU0MTY1NDUzNQ==&mid=2247486163&idx=1&sn=a0c4849c8c44dba1ec13f6dde6fbcb49&chksm=fb27e1bbcc5068adba838ea5c92f4600c3ddd1086d32713ae71de6b925feed4da838d6d336c0#rd,1,2020-1-3,0.0,1.0,1.0,1.0,1946.0,8.0,1.0,,,,
116,缅甸外国投资者与东道国争端解决机制研究,http://mp.weixin.qq.com/s?__biz=MzU0MTY1NDUzNQ==&mid=2247486158&idx=1&sn=6ece8501e24c1d25855a64d3c3401a95&chksm=fb27e1a6cc5068b0de83073ee766838bbc8400b0804f6b4139556fa11af08cdcda626ab425b2#rd,1,2020-1-1,0.0,1.0,1.0,0.0,76.0,0.0,0.0,,,,
117,中国—东盟股票市场一体化进程及其时变特征研究 ——基于DCC-GARCH模型,http://mp.weixin.qq.com/s?__biz=MzU0MTY1NDUzNQ==&mid=2247486158&idx=2&sn=b6b10367fa255e810f05dbae3a41efa9&chksm=fb27e1a6cc5068b0d18ba7f76e0d4f75b4a3b41d94be54754f5504eb3b32e0903dbee5f677fb#rd,2,2020-1-1,0.0,1.0,1.0,0.0,91.0,0.0,0.0,,,,
118,长江三角洲区域一体化政策供给及反思,http://mp.weixin.qq.com/s?__biz=MzU0MTY1NDUzNQ==&mid=2247486154&idx=1&sn=bb78aa38fdc78441c04b26bdd933feb8&chksm=fb27e1a2cc5068b4af2d8c943a3cf5347f5ade0b946d25b2da6b7ac448b8a37c1db67aa6f24e#rd,1,2019-12-31,0.0,1.0,1.0,0.0,220.0,1.0,0.0,,,,
119,长三角城市群工业韧性综合评价及其空间演化研究,http://mp.weixin.qq.com/s?__biz=MzU0MTY1NDUzNQ==&mid=2247486153&idx=1&sn=b5978317a02004783e3bbbaee13253be&chksm=fb27e1a1cc5068b79a034aa6d3c516ecc9c93dfd49b5c31b7e84ceb9922ff09257abc0611d41#rd,1,2019-12-30,0.0,1.0,1.0,0.0,256.0,0.0,0.0,,,,
120,“人与自然是生命共同体”理念的哲学基础探析,http://mp.weixin.qq.com/s?__biz=MzU0MTY1NDUzNQ==&mid=2247486152&idx=1&sn=7760f2de8f7b3a7bb2c09bc0ca20a99b&chksm=fb27e1a0cc5068b644fd99e0cfc4d31e2cf770acf1c24183e488a49c53762f67a8325f034bfd#rd,1,2019-12-26,0.0,1.0,1.0,1.0,271.0,0.0,0.0,,,,
121,以人民为中心的供给侧结构性改革——基于马克思主义政治经济学的人民视角,http://mp.weixin.qq.com/s?__biz=MzU0MTY1NDUzNQ==&mid=2247486152&idx=2&sn=9a86d2064d3ea8ee3c4bf635b6a47f2b&chksm=fb27e1a0cc5068b670c02914ff99d5fff15ef1ffb251e181d6cecaf4062f315bfc8fa7ff1946#rd,2,2019-12-26,0.0,1.0,1.0,0.0,153.0,1.0,0.0,,,,
122,民族地区社会治理中情理法的冲突与融合,http://mp.weixin.qq.com/s?__biz=MzU0MTY1NDUzNQ==&mid=2247486110&idx=1&sn=3709e71da225f4db180898ed48c519ac&chksm=fb27e1f6cc5068e02df4940bb3f7794bf8a0715b2265cf782205cb8072e1fdeb8a495fe90c52#rd,1,2019-12-25,0.0,1.0,1.0,1.0,288.0,2.0,0.0,,,,
123,“三权分置”视角下农村股份合作社成员财产权完善的现实困境与法律进路,http://mp.weixin.qq.com/s?__biz=MzU0MTY1NDUzNQ==&mid=2247486109&idx=1&sn=28104dca61f811362af742260fcc728b&chksm=fb27e1f5cc5068e35f6458d2bffe7c91ffe4ccb61e010a036e6618760f813e4692a8246fe948#rd,1,2019-12-24,0.0,1.0,1.0,1.0,257.0,0.0,0.0,,,,
124,论独创性判断标准“空洞化”问题的破解——以科技类图形作品为切入点,http://mp.weixin.qq.com/s?__biz=MzU0MTY1NDUzNQ==&mid=2247486108&idx=1&sn=415d2184e07265a5d433e3dcc93efc1c&chksm=fb27e1f4cc5068e2d7c60b2fc702c7464893f2e07bd3e6cbadb7e066357b8a10d0972c008b98#rd,1,2019-12-21,0.0,1.0,1.0,1.0,234.0,5.0,0.0,,,,
125,行政协议诉讼法定化的意义检讨,http://mp.weixin.qq.com/s?__biz=MzU0MTY1NDUzNQ==&mid=2247486107&idx=1&sn=21a2604039d9c2ffedab5e70376822bc&chksm=fb27e1f3cc5068e5cf7afc99931fdc80b4b238d2f694cef6e779f84dbdd09d5c95c95cca3522#rd,1,2019-12-19,0.0,1.0,1.0,1.0,712.0,2.0,0.0,,,,
126,互联网新型不正当竞争行为审裁理路实证研究,http://mp.weixin.qq.com/s?__biz=MzU0MTY1NDUzNQ==&mid=2247486106&idx=1&sn=cd52ee0ddeaefc54f3f32e857959c664&chksm=fb27e1f2cc5068e418bb6f6ccda35422cff8fcc51afe8443f9ccb11410ce7370d816de154f94#rd,1,2019-12-18,0.0,1.0,1.0,1.0,217.0,0.0,0.0,,,,
127,“机器换人”对工人工资影响的异质性效应：基于中国的经验,http://mp.weixin.qq.com/s?__biz=MzU0MTY1NDUzNQ==&mid=2247486103&idx=1&sn=f36f77412231025e2226828d17be79a8&chksm=fb27e1ffcc5068e9af1c5e078024f9ecfd21f087ea97b51f7aff900e296eb7cb836c08b28223#rd,1,2019-12-16,0.0,1.0,1.0,1.0,381.0,2.0,0.0,,,,
128,技术赋权如何消解新业态中新生代劳动者的集体性行动,http://mp.weixin.qq.com/s?__biz=MzU0MTY1NDUzNQ==&mid=2247486102&idx=1&sn=9a377f1e84979a2c91c6c2c56b7acc9a&chksm=fb27e1fecc5068e82cd35db2d7b7423b6bd186621f8f6853f5734d6d8dbbaf03e0be046a5bfc#rd,1,2019-12-15,0.0,1.0,1.0,1.0,290.0,1.0,0.0,,,,
129,技术话语与工人的自主性：人机对抗的合法性消解 ——基于珠三角地区“机器换人”的实证研究,http://mp.weixin.qq.com/s?__biz=MzU0MTY1NDUzNQ==&mid=2247486077&idx=1&sn=a5d83b6a60829da8a12747746f022efa&chksm=fb27e115cc50680361710ea291b32ac2950ad1f009c486adc5f2ab2a1855bc4e688bcbf2eedd#rd,1,2019-12-14,0.0,1.0,1.0,1.0,401.0,10.0,0.0,,,,
130,《学术论坛》2019年第5期目录,http://mp.weixin.qq.com/s?__biz=MzU0MTY1NDUzNQ==&mid=2247485911&idx=1&sn=d8234436a3ea355f5c19acc5986e51bb&chksm=fb27e2bfcc506ba93f5825cf4367627572ee3ec1390ab0383e87c71c9f96fcc76cd09768b6c5#rd,1,2019-12-12,0.0,1.0,1.0,0.0,2109.0,3.0,1.0,,,,
131,作为中国陶瓷认知与表述范畴的“窑”——一个知识考古的视角,http://mp.weixin.qq.com/s?__biz=MzU0MTY1NDUzNQ==&mid=2247485902&idx=1&sn=f493b0839aadd960af48b55af399b683&chksm=fb27e2a6cc506bb09cc230010812ab7a1b5a044d7635f301c4e530cef33f85784da8f054630b#rd,1,2019-11-13,0.0,1.0,1.0,1.0,167.0,4.0,0.0,,,,
132,清咸同时期战争旌恤与纪念制度研究,http://mp.weixin.qq.com/s?__biz=MzU0MTY1NDUzNQ==&mid=2247485901&idx=1&sn=83d179730def79e735c3e679c2f22ae1&chksm=fb27e2a5cc506bb30181fc671ce75524582112acd03501b37094c2bafea98ac0ba08348c809b#rd,1,2019-11-12,0.0,1.0,1.0,1.0,144.0,0.0,0.0,,,,
133,论思想政治教育形态,http://mp.weixin.qq.com/s?__biz=MzU0MTY1NDUzNQ==&mid=2247485900&idx=1&sn=2720d904d441d1ecd5714a322dad3600&chksm=fb27e2a4cc506bb22ddd24ed2c3380793ab13ff94e161fec81484c4043d998e3fcd4f06d99b9#rd,1,2019-11-11,0.0,1.0,1.0,1.0,855.0,10.0,0.0,,,,
134,当代大学生畸形消费行为及规制,http://mp.weixin.qq.com/s?__biz=MzU0MTY1NDUzNQ==&mid=2247485900&idx=2&sn=6606e7b865819ac39076e228837d35fb&chksm=fb27e2a4cc506bb21d01e39d91bcaa1bccd49a17ab053879bbb8c159045e8de9cadb3b0ff6c5#rd,2,2019-11-11,0.0,1.0,1.0,1.0,282.0,3.0,0.0,,,,
135,P2P网络借贷演化背景下问题平台成因与路径重构,http://mp.weixin.qq.com/s?__biz=MzU0MTY1NDUzNQ==&mid=2247485891&idx=1&sn=1c921768b39a975fdc04f02cacc66b34&chksm=fb27e2abcc506bbd1139d6f51687fb81e6cde9d1cf0b6c252c5a4f33bf8394d079070684ff04#rd,1,2019-11-9,0.0,1.0,1.0,0.0,107.0,1.0,0.0,,,,
136,基于机器学习理论的中国新金融业态风险预判与防范,http://mp.weixin.qq.com/s?__biz=MzU0MTY1NDUzNQ==&mid=2247485890&idx=1&sn=940d0ee35007999b58136da573f35b19&chksm=fb27e2aacc506bbc93d330e71b3b217f40c5cc8618ab2fb7fd2a46e775673d640544375be250#rd,1,2019-11-8,0.0,1.0,1.0,0.0,97.0,0.0,0.0,,,,
137,文学性与电子媒介时代的文学存在,http://mp.weixin.qq.com/s?__biz=MzU0MTY1NDUzNQ==&mid=2247485879&idx=1&sn=5759f7ece6966fe8a0adcff45e0ac2ad&chksm=fb27e2dfcc506bc9fc27743353f380591e645384454f14e48eea170a10f49aca5e68a867fd07#rd,1,2019-11-1,0.0,1.0,1.0,0.0,133.0,1.0,0.0,,,,
138,语境诗学的哲学基础与学理合法性,http://mp.weixin.qq.com/s?__biz=MzU0MTY1NDUzNQ==&mid=2247485879&idx=2&sn=003b9e4e1730ac7b29b7d6bfd41ac345&chksm=fb27e2dfcc506bc98963b1933a1f0ae30bcaf0e0c4e29c5c21f08ffb4ecb7b8aa7e954f0d09d#rd,2,2019-11-1,0.0,1.0,1.0,0.0,88.0,0.0,0.0,,,,
139,和谐精神：《诗经》的琴瑟合奏及其乐教意义,http://mp.weixin.qq.com/s?__biz=MzU0MTY1NDUzNQ==&mid=2247485878&idx=1&sn=40f931c314578c7279276029db3cc20d&chksm=fb27e2decc506bc8b58e2a4a787e2ad25c98067423d1212f01409feb616e82cf9c91e93c30be#rd,1,2019-11-2,0.0,1.0,1.0,0.0,500.0,2.0,0.0,,,,
140,《圣宗遗草》的平民化旨趣及在越南小说中的独特性,http://mp.weixin.qq.com/s?__biz=MzU0MTY1NDUzNQ==&mid=2247485878&idx=2&sn=2741253b695da5b8476f3cd61fbf825d&chksm=fb27e2decc506bc8a26232ee264a2bda6f605d43bb2b9a7299a0104ee2c3cfd2730aeb0066e1#rd,2,2019-11-2,0.0,1.0,1.0,0.0,32.0,0.0,0.0,,,,
141,论民法典对居住权的立法干预方法,http://mp.weixin.qq.com/s?__biz=MzU0MTY1NDUzNQ==&mid=2247485842&idx=1&sn=4e73f1f48ef0d24c2c46c9d54e6fc1ea&chksm=fb27e2facc506bec0166eb068e5e54bcb051d4bf472a5ee280fa178e255ce7286af2a333e2ac#rd,1,2019-10-31,0.0,1.0,1.0,1.0,132.0,0.0,0.0,,,,
142,中国与“一带一路”国家税收征管合作的完善与创新,http://mp.weixin.qq.com/s?__biz=MzU0MTY1NDUzNQ==&mid=2247485840&idx=1&sn=60fa726921041e82afee51284cd0950b&chksm=fb27e2f8cc506beefa28e6400ec5744c8d9c8c62d1330c1b118f01a0991f87fa64d8488b2bbf#rd,1,2019-10-30,0.0,1.0,1.0,0.0,413.0,0.0,0.0,,,,
143,人类——生态刑法法益塑造的经济分析法学论纲,http://mp.weixin.qq.com/s?__biz=MzU0MTY1NDUzNQ==&mid=2247485839&idx=1&sn=a82dde20384fa11392993f39d8ccc61a&chksm=fb27e2e7cc506bf11a039f6484577cb66dc237569173a4eda2c7657255b7adc5ee642b430fbd#rd,1,2019-10-29,0.0,1.0,1.0,1.0,243.0,1.0,0.0,,,,
144,政策经济向法治经济转型:基于新中国七十年国家经济政策与宪法经济条款关系的考察,http://mp.weixin.qq.com/s?__biz=MzU0MTY1NDUzNQ==&mid=2247485836&idx=1&sn=dbde39ebcd7199879c9495fae7ee3dc5&chksm=fb27e2e4cc506bf203de1dce203bc45b57244e241a87c3ede7857da0869898044ee1a40f0179#rd,1,2019-10-28,0.0,1.0,1.0,0.0,363.0,4.0,0.0,,,,
145,新时代中国知识产权保护国际化对策,http://mp.weixin.qq.com/s?__biz=MzU0MTY1NDUzNQ==&mid=2247485835&idx=1&sn=ff84c041536d0627b504a390556ddc9e&chksm=fb27e2e3cc506bf5983a4b5f18f43e75f4583e80837337c0b24ccaf26bf87f9423546d7d4b1b#rd,1,2019-10-27,0.0,1.0,1.0,0.0,200.0,1.0,0.0,,,,
146,反垄断法规制标准必要专利运用时的利益平衡——兼评《关于滥用知识产权的反垄断指南(征求意见稿)》,http://mp.weixin.qq.com/s?__biz=MzU0MTY1NDUzNQ==&mid=2247485834&idx=1&sn=4f0652788d2c77ce236a09f9f7d4d6da&chksm=fb27e2e2cc506bf46211c5bd8fe353283ae307235b8f3fd30eb3aeba095606b165959615a77f#rd,1,2019-10-26,0.0,1.0,1.0,0.0,118.0,0.0,0.0,,,,
147,《学术论坛》2019年第4期目录,http://mp.weixin.qq.com/s?__biz=MzU0MTY1NDUzNQ==&mid=2247485833&idx=1&sn=ef6b6eb02d13918d2adbb72d0dbafa48&chksm=fb27e2e1cc506bf79d8984248073e4b388329b6004e20c297c378a5dadc4018f0066d9bd6726#rd,1,2019-10-25,0.0,1.0,1.0,0.0,1229.0,2.0,1.0,,,,
148,专题介绍,http://mp.weixin.qq.com/s?__biz=MzU0MTY1NDUzNQ==&mid=2247485703&idx=1&sn=3acdc9f5f807364ce9c67fcf1729f00d&chksm=fb27e26fcc506b79fd859ea9717cc9dcbe0eceee28d89b247781419884eb3dc53ab1e782beff#rd,1,2019-9-30,0.0,1.0,1.0,0.0,219.0,3.0,0.0,,,,
149,韩庆祥：新中国70年坚定道路自信的学理阐释,http://mp.weixin.qq.com/s?__biz=MzU0MTY1NDUzNQ==&mid=2247485703&idx=2&sn=c7e318d49cf6e4787df094b5d748cbf1&chksm=fb27e26fcc506b79bb89d8637eb5f6989b930e514aa8a84ac4ea65906aad9773e8e45887693e#rd,2,2019-9-30,0.0,1.0,1.0,1.0,1533.0,7.0,0.0,,,,
150,韩喜平：论中国特色社会主义理论自信的生成逻辑,http://mp.weixin.qq.com/s?__biz=MzU0MTY1NDUzNQ==&mid=2247485703&idx=3&sn=07e67adda23fc0d063d49308470f7a49&chksm=fb27e26fcc506b79a6b457a1804306546b4df53d705be98213bc8b666da07e8ba4fa704ae9d5#rd,3,2019-9-30,0.0,1.0,1.0,1.0,1215.0,3.0,0.0,,,,
151,宇文利：新中国70年与中国特色社会主义制度自信,http://mp.weixin.qq.com/s?__biz=MzU0MTY1NDUzNQ==&mid=2247485703&idx=4&sn=196b71c9782a76e299cbef1113ffb29a&chksm=fb27e26fcc506b792fb1b7a30fbfe36adc4dc759a5d4186601f838db0ce8fc4c86d611d433a4#rd,4,2019-9-30,0.0,1.0,1.0,1.0,1269.0,2.0,0.0,,,,
152,陈金龙：新中国70年文化自信的表征、成因与特质,http://mp.weixin.qq.com/s?__biz=MzU0MTY1NDUzNQ==&mid=2247485703&idx=5&sn=13b65e84153b374e884410aa846dd782&chksm=fb27e26fcc506b79a81cce205c5785fae55bcb53a2baed823b24c6eaada472f2667eac14fdee#rd,5,2019-9-30,0.0,1.0,1.0,1.0,1845.0,5.0,0.0,,,,
153,全球风险社会下人工智能的治理之道 ——复杂性范式与法律应对,http://mp.weixin.qq.com/s?__biz=MzU0MTY1NDUzNQ==&mid=2247485637&idx=1&sn=c2f2212327bc336d32d2a25a1a6ff9c4&chksm=fb27e3adcc506abba5388152cae875c28625353f6264f29c0e1047ec010eab11512c81c87407#rd,1,2019-9-2,0.0,1.0,1.0,0.0,1067.0,2.0,0.0,,,,
154,惩罚性赔偿：规范演进、社会机理与未来趋势,http://mp.weixin.qq.com/s?__biz=MzU0MTY1NDUzNQ==&mid=2247485636&idx=1&sn=23e87179cb97ce429ad7a6bb8322a274&chksm=fb27e3accc506aba5639bbb5a114fc9262f9c745263739d7261b24d6a6e475134701eec5ed38#rd,1,2019-9-1,0.0,1.0,1.0,0.0,145.0,0.0,0.0,,,,
155,消费者知情权、政府信息供给义务与我国转基因食品标识制度的完善,http://mp.weixin.qq.com/s?__biz=MzU0MTY1NDUzNQ==&mid=2247485635&idx=1&sn=a54cf5c50203d3188a6dba9d54ccb635&chksm=fb27e3abcc506abd3cfc4eafe7bc5336920daf833d5afaec08f3253d2093425bebb15a997add#rd,1,2019-8-31,0.0,1.0,1.0,0.0,67.0,1.0,0.0,,,,
156,异质空间与现实重构：空间视域下的微信异托邦,http://mp.weixin.qq.com/s?__biz=MzU0MTY1NDUzNQ==&mid=2247485635&idx=2&sn=1ace59ba902ba1dc5be25db2a9b6df5b&chksm=fb27e3abcc506abdfae8de878f311eaea3aa4c7dc4b53f061069688937425000eae10a2cbb54#rd,2,2019-8-31,0.0,1.0,1.0,0.0,75.0,0.0,0.0,,,,
157,抗战时期广西没有叛将与伪军考辨,http://mp.weixin.qq.com/s?__biz=MzU0MTY1NDUzNQ==&mid=2247485634&idx=1&sn=4e3216fbfde9703053b4512ab06c725c&chksm=fb27e3aacc506abcc3a393dd8fd964dc21134a755c3fca6ad04ad2540829cf6211a6aef2808f#rd,1,2019-8-30,0.0,1.0,1.0,0.0,214.0,1.0,0.0,,,,
158,近代广西卫生行政的仿制及创新,http://mp.weixin.qq.com/s?__biz=MzU0MTY1NDUzNQ==&mid=2247485634&idx=2&sn=0a6b1b959bafc1beef81e06a690c85cb&chksm=fb27e3aacc506abcd7e350385b5265748eb724152fcc077990f6f378b44f392e1ca05ae59d4b#rd,2,2019-8-30,0.0,1.0,1.0,1.0,100.0,0.0,0.0,,,,
159,乡村振兴战略下我国民族地区文化资本的创意性生成研究,http://mp.weixin.qq.com/s?__biz=MzU0MTY1NDUzNQ==&mid=2247485633&idx=1&sn=fa53e5dd7becce4077302725e60d67f4&chksm=fb27e3a9cc506abf5dad8ad4c78e0c3437d24ce723c00a41d2f9051e170c86731c99475dc2f3#rd,1,2019-8-29,0.0,1.0,1.0,1.0,585.0,2.0,0.0,,,,
160,弘扬榜样文化与培育友善价值观论析,http://mp.weixin.qq.com/s?__biz=MzU0MTY1NDUzNQ==&mid=2247485633&idx=2&sn=b94d96bcf7a985ffd9179af20bbbebac&chksm=fb27e3a9cc506abfac73a4aa2460aa205cd70f4710e0e984b51dcff231a852bc740e5f8ef4a8#rd,2,2019-8-29,0.0,1.0,1.0,1.0,700.0,1.0,0.0,,,,
161,人工智能之于人的存在论变革及反思,http://mp.weixin.qq.com/s?__biz=MzU0MTY1NDUzNQ==&mid=2247485632&idx=1&sn=254538862131266d34925091d2d41c07&chksm=fb27e3a8cc506abebb5b4aff5aa91adccac0b203797e226d1efbb314ee30b006a3aa196f74be#rd,1,2019-8-28,0.0,1.0,1.0,1.0,203.0,0.0,0.0,,,,
162,数字资本主义的数据劳动及其正义重构,http://mp.weixin.qq.com/s?__biz=MzU0MTY1NDUzNQ==&mid=2247485632&idx=2&sn=9682db01407cc1556d8a6fd64389a0d8&chksm=fb27e3a8cc506abe860ad6253ebe060028432d52dd2cfa46f2c52c4acac764c8a8e9830bd909#rd,2,2019-8-28,0.0,1.0,1.0,1.0,318.0,0.0,0.0,,,,
163,人工智能对人主体性影响的思考,http://mp.weixin.qq.com/s?__biz=MzU0MTY1NDUzNQ==&mid=2247485632&idx=3&sn=98c04b0f78846d5cf75759c70e12182d&chksm=fb27e3a8cc506abe29efe86d2e4f5fceefb965443a7b8dece3de8de6beea45613d32bf8ecc99#rd,3,2019-8-28,0.0,1.0,1.0,1.0,352.0,0.0,0.0,,,,
164,粤港澳大湾区视域下内地与澳门经济耦合实证研究,http://mp.weixin.qq.com/s?__biz=MzU0MTY1NDUzNQ==&mid=2247485629&idx=1&sn=4d1c3f0dfdec5eaccb0ac44370abf64e&chksm=fb27e3d5cc506ac3c96643ec78a97b3431fb239551328a5d6f80b917476d8fb68dd14df0753e#rd,1,2019-8-27,0.0,1.0,1.0,0.0,203.0,0.0,0.0,,,,
165,粤港澳大湾区建设背景下粤桂产业动态集聚与转移,http://mp.weixin.qq.com/s?__biz=MzU0MTY1NDUzNQ==&mid=2247485627&idx=1&sn=9c5b742ebc68cf2bff5fa1d5c6fb210a&chksm=fb27e3d3cc506ac5d3d66c827169e055bc37122cec057b9f28f21e2effb937d359a1c612190a#rd,1,2019-8-26,0.0,1.0,1.0,0.0,140.0,2.0,3.0,,,,
166,改革开放与中国特色社会主义法治实践,http://mp.weixin.qq.com/s?__biz=MzU0MTY1NDUzNQ==&mid=2247485626&idx=1&sn=b5bb1d20331952278420211238adb533&chksm=fb27e3d2cc506ac4cff84caa77c77c276be13d6a7bd30eab33b284e837d5db4237f31b3f4c45#rd,1,2019-8-25,0.0,1.0,1.0,0.0,439.0,7.0,0.0,,,,
167,异质空间与现实重构：空间视域下的微信异托邦,http://mp.weixin.qq.com/s?__biz=MzU0MTY1NDUzNQ==&mid=2247485626&idx=2&sn=c0f5ed6a40faac7e18808c8d7527ae69&chksm=fb27e3d2cc506ac41c28aec5dea5e5b869f54823fe3e80081dc1d0fdce3c992b889716cc931a#rd,2,2019-8-25,0.0,1.0,1.0,0.0,121.0,0.0,0.0,,,,
168,生产性场域中的文艺原创力 ——论起始性审美创造能力生成的现实场域与形成机制,http://mp.weixin.qq.com/s?__biz=MzU0MTY1NDUzNQ==&mid=2247485609&idx=1&sn=242697c26e81999697d6d2885f0db572&chksm=fb27e3c1cc506ad7018976f31d3586b5fc900427f54f2cc67769469460786e100d9f367ec7a5#rd,1,2019-8-24,0.0,1.0,1.0,0.0,233.0,0.0,0.0,,,,
169,走出封闭审美王国的文艺原创力  ——文艺活动主体参与方式的变革及其影响,http://mp.weixin.qq.com/s?__biz=MzU0MTY1NDUzNQ==&mid=2247485609&idx=2&sn=d0be20b392aa299e6264c73958e5602a&chksm=fb27e3c1cc506ad78ef177afaa3b8f3e40e9bb21268b546b9b6d0114e2af027420c11b683d0a#rd,2,2019-8-24,0.0,1.0,1.0,0.0,31.0,0.0,0.0,,,,
170,算法定义的新型信息空间 ——基于网络搜索引擎特性的综合治理研究,http://mp.weixin.qq.com/s?__biz=MzU0MTY1NDUzNQ==&mid=2247485605&idx=1&sn=522a802b018079d2ae47c9e50304bad2&chksm=fb27e3cdcc506adb2a342ae99facfd27a25124c775eeb549d0feb1f991643aa71af538f08df5#rd,1,2019-8-23,0.0,1.0,1.0,0.0,88.0,0.0,0.0,,,,
171,异质空间与现实重构：空间视域下的微信异托邦,http://mp.weixin.qq.com/s?__biz=MzU0MTY1NDUzNQ==&mid=2247485605&idx=2&sn=b6cefb7abf958092d2c7d946bb4a7137&chksm=fb27e3cdcc506adb2d395a4ee116ec9367dbc5fcd126866872a869bd2dc10e9ed0ff552d8590#rd,2,2019-8-23,0.0,1.0,1.0,0.0,146.0,3.0,0.0,,,,
172,《学术论坛》2019年第3期目录,http://mp.weixin.qq.com/s?__biz=MzU0MTY1NDUzNQ==&mid=2247485586&idx=1&sn=f9eb6ec68a9a49f40cc3254e617eced4&chksm=fb27e3facc506aecddbeac5b68e83cb0fff94bd451982e5d91901a1c6778b18b6b14c9d4fa54#rd,1,2019-8-22,0.0,1.0,1.0,0.0,1126.0,0.0,0.0,,,,
173,信息通信技术与社会工作实践：研究现状与前景,http://mp.weixin.qq.com/s?__biz=MzU0MTY1NDUzNQ==&mid=2247485430&idx=1&sn=ddcee7c1bdebc5da9548f6126cbf1eee&chksm=fb27ec9ecc506588904122db1f1985c13ca7e1a029388ae9e3440915894fb1a6699d82ac8133#rd,1,2019-6-18,0.0,1.0,1.0,1.0,201.0,1.0,0.0,,,,
174,文本渗透框架：迈向方法自觉的内容分析研究——对于样本获得的方法论思考,http://mp.weixin.qq.com/s?__biz=MzU0MTY1NDUzNQ==&mid=2247485429&idx=1&sn=e53fbe5ca4a665efe730e450b97721a7&chksm=fb27ec9dcc50658b43f5192b78b07c58162484aa8ec476fe4d997bb5403e8716078054bbe794#rd,1,2019-6-17,0.0,1.0,1.0,1.0,658.0,2.0,0.0,,,,
175,制度治党与文化兴党的政党文化自觉,http://mp.weixin.qq.com/s?__biz=MzU0MTY1NDUzNQ==&mid=2247485404&idx=1&sn=810901d0d1f746b73501aac605e6445f&chksm=fb27ecb4cc5065a272caf31ffea68e497a277cd24554e8a9eb6faada9f6db86aba58a9bee755#rd,1,2019-6-16,0.0,1.0,1.0,1.0,836.0,1.0,0.0,,,,
176,新中国成立以来中国共产党文化思想的历史演进及其基本经验,http://mp.weixin.qq.com/s?__biz=MzU0MTY1NDUzNQ==&mid=2247485403&idx=1&sn=f102ae376655e5b558956a92b31684f2&chksm=fb27ecb3cc5065a581b68df9805dda010c85bd91330e50940bbac1b3955eaf951dac7bd6637c#rd,1,2019-6-15,0.0,1.0,1.0,1.0,1917.0,6.0,0.0,,,,
177,虐待儿童的心理影响及犯因性分析,http://mp.weixin.qq.com/s?__biz=MzU0MTY1NDUzNQ==&mid=2247485381&idx=1&sn=e431ba88db7da5f867dd5900e130d98c&chksm=fb27ecadcc5065bb54e68c7482dc23cb3b09a3b96e86485aaca96dfe031d747ee676b8cdd202#rd,1,2019-6-14,0.0,1.0,1.0,1.0,179.0,1.0,0.0,,,,
178,村干部流动性任职的生成机制及其困境超越——基于安徽省S镇的田野调查,http://mp.weixin.qq.com/s?__biz=MzU0MTY1NDUzNQ==&mid=2247485380&idx=1&sn=89a201d730cdc028252ae04ca7e0f7dd&chksm=fb27ecaccc5065ba7b2f507f215a39525a7aba42d24f912e68fd8a9ed33826614b7ef3570c5f#rd,1,2019-6-13,0.0,1.0,1.0,1.0,99.0,0.0,0.0,,,,
179,“减负”政策何以催生义务教育阶段的“赶学游戏”——以广州中产阶级家庭的调查为例,http://mp.weixin.qq.com/s?__biz=MzU0MTY1NDUzNQ==&mid=2247485379&idx=1&sn=079d4ffbd0f6920d1b33f61ffab43e53&chksm=fb27ecabcc5065bd233e7effc21eae015b376c6f38eab56eb864e53e81716f0de23b06c234a7#rd,1,2019-6-12,0.0,1.0,1.0,1.0,407.0,1.0,0.0,,,,
180,马克思意识形态批判的存在论革命何以实现 ——《资本论》及其手稿意识形态批判思想链接式解读,http://mp.weixin.qq.com/s?__biz=MzU0MTY1NDUzNQ==&mid=2247485373&idx=1&sn=158a96c54c466ad9967394dd0b6ae3eb&chksm=fb27ecd5cc5065c3f102bdd6d581b20cb90b67dc978c95e190414dd549b95e725b77868cdade#rd,1,2019-6-10,0.0,1.0,1.0,1.0,380.0,0.0,0.0,,,,
181,互联网时代意识形态建设社会化：机制、结构与对策,http://mp.weixin.qq.com/s?__biz=MzU0MTY1NDUzNQ==&mid=2247485371&idx=1&sn=7da292b04012d26fb6fd79736dac6a51&chksm=fb27ecd3cc5065c5fd965a0f08a5c1d61187dd58c1fa0eaa70f9a15a40b5bfa175d2869d4cea#rd,1,2019-6-9,0.0,1.0,1.0,1.0,546.0,0.0,0.0,,,,
182,公司高级管理人员的主体范围研究——基于法经济学模型的解释与指导,http://mp.weixin.qq.com/s?__biz=MzU0MTY1NDUzNQ==&mid=2247485346&idx=1&sn=5532a38e3b9f344ba6e0b1a964af5d64&chksm=fb27eccacc5065dcd3033939b6ef52ae356b24324f3bd030be332b3a979e7632c19b2b43f673#rd,1,2019-6-8,0.0,1.0,1.0,1.0,225.0,0.0,0.0,,,,
183,法人的人格权研究（上）——法人为何享有人格权,http://mp.weixin.qq.com/s?__biz=MzU0MTY1NDUzNQ==&mid=2247485342&idx=1&sn=a2dff5074e8c1fe78648388a755296a2&chksm=fb27ecf6cc5065e05ae909ebb017e1bdebb278079d912a60316a1926b5f875e40c6c98e42431#rd,1,2019-6-7,0.0,1.0,1.0,1.0,278.0,0.0,0.0,,,,
184,如何理解商行为,http://mp.weixin.qq.com/s?__biz=MzU0MTY1NDUzNQ==&mid=2247485301&idx=1&sn=c11757fb0aec00c0e39137e91c003551&chksm=fb27ec1dcc50650b1ef40a29d4515973403d91d5a546cd2b755853b6d59d0ffec2cd1e156bf0#rd,1,2019-6-6,0.0,1.0,1.0,1.0,1139.0,9.0,0.0,,,,
185,中国经济高质量发展、能源消费影响因素与总量控制——基于Copula函数的实证研究,http://mp.weixin.qq.com/s?__biz=MzU0MTY1NDUzNQ==&mid=2247485300&idx=1&sn=075fc4a3eef2c3133487f48e98e9a274&chksm=fb27ec1ccc50650a2275f79cc84dadeebc584af178b06fb2cea697973a69a3c7afd45f056227#rd,1,2019-6-5,0.0,1.0,1.0,1.0,194.0,0.0,0.0,,,,
186,纯粹法理学：概念之争、学科地位与基本问题,http://mp.weixin.qq.com/s?__biz=MzU0MTY1NDUzNQ==&mid=2247485299&idx=1&sn=0b0da9e5ef83171f891246b085d297ab&chksm=fb27ec1bcc50650dc3640a9e06d1a3cf41dc8d64a609e3c8421921e001ee925f436a14dbb1c7#rd,1,2019-6-4,0.0,1.0,1.0,1.0,960.0,11.0,1.0,,,,
187,金融发展与能源消耗——基于总量与效率双重视角的跨国分析,http://mp.weixin.qq.com/s?__biz=MzU0MTY1NDUzNQ==&mid=2247485267&idx=1&sn=4eda55eefb66ac9be79de9108895e86b&chksm=fb27ec3bcc50652df0bbe724b779ad92da58b5b7d57a8919cb8ca534722d72b79b5646914bff#rd,1,2019-6-3,0.0,1.0,1.0,1.0,260.0,0.0,0.0,,,,
188,《学术论坛》2019年第2期目录,http://mp.weixin.qq.com/s?__biz=MzU0MTY1NDUzNQ==&mid=2247485121&idx=1&sn=0cbe5462113f947dc413e382d00844be&chksm=fb27eda9cc5064bfe2dd85bc0bd64220f1ee8d5fdaed0c281738f76ca1926558495a1047d11f#rd,1,2019-6-2,0.0,1.0,1.0,1.0,3451.0,4.0,0.0,,,,
189,论商法通则立法的缘起及时代价值,http://mp.weixin.qq.com/s?__biz=MzU0MTY1NDUzNQ==&mid=2247485113&idx=1&sn=35e7678bfe7871f64ebf0a00f0d31497&chksm=fb27edd1cc5064c7327c5242d446d75a204c5e373458cbe5999dee3f8ef870e6514df0603423#rd,1,2019-5-30,0.0,1.0,1.0,1.0,148.0,0.0,0.0,,,,
190,论营业行为的商法安排,http://mp.weixin.qq.com/s?__biz=MzU0MTY1NDUzNQ==&mid=2247485112&idx=1&sn=14b89fe9cb0631730f11d80f16b825e1&chksm=fb27edd0cc5064c6c2991c9713e64b38921d429845374c578533aca7fc735504838a4ce89a9c#rd,1,2019-5-29,0.0,1.0,1.0,1.0,124.0,2.0,0.0,,,,
191,论现代商法的基点、形式与我国商法的体系化建构,http://mp.weixin.qq.com/s?__biz=MzU0MTY1NDUzNQ==&mid=2247485111&idx=1&sn=1d2146ed3b66b5e69fc8d91be5d2451e&chksm=fb27eddfcc5064c9fc5287a437aa1ae7b0c9264e8209bc90fde428a5e796b0ec6c8414220711#rd,1,2019-5-28,0.0,1.0,1.0,1.0,83.0,1.0,0.0,,,,
192,《商法通则》／《商法典》总则的可能体系——为什么我们认为“七编制”是合适的,http://mp.weixin.qq.com/s?__biz=MzU0MTY1NDUzNQ==&mid=2247485110&idx=1&sn=f66bd43b67763d13688e7c27f122a22a&chksm=fb27eddecc5064c8f8b4ef93720d6bd69e35ca76ca0a7ea1c325399af896350cb47df7b5d256#rd,1,2019-5-27,0.0,1.0,1.0,1.0,149.0,1.0,0.0,,,,
193,商法的时代性与时代商法——创制一部反映时代需求的《中国商法通则》,http://mp.weixin.qq.com/s?__biz=MzU0MTY1NDUzNQ==&mid=2247485108&idx=1&sn=6647e39afc7643fc003578e4b8b7d878&chksm=fb27eddccc5064ca8dc95ead305b936e071a1dc6eb16d6970fbc291190389d45344b88a59a1b#rd,1,2019-5-26,0.0,1.0,1.0,1.0,131.0,0.0,0.0,,,,
194,建构（更酷儿和）更加兼容的（女性主义）叙事学,http://mp.weixin.qq.com/s?__biz=MzU0MTY1NDUzNQ==&mid=2247485102&idx=1&sn=7ae577ef80416a5e8ccdbd475ce6ae32&chksm=fb27edc6cc5064d0500858e9c5c9758651f6ab0e73310d35c0eceea2b0871bad999ef182b862#rd,1,2019-5-22,0.0,1.0,1.0,1.0,212.0,0.0,0.0,,,,
195,苏珊·兰瑟的女性主义叙事学构想述论,http://mp.weixin.qq.com/s?__biz=MzU0MTY1NDUzNQ==&mid=2247485100&idx=1&sn=0b61b7eeb04cf4bfc0aa5ccdf814ac3b&chksm=fb27edc4cc5064d2a30f468c0902cdfd36ec28614597b6ab1149fd1d2e70c26bbf50a73fb22e#rd,1,2019-5-21,0.0,1.0,1.0,0.0,98.0,1.0,0.0,,,,
196,世界化的比较文学：超越后殖民主义,http://mp.weixin.qq.com/s?__biz=MzU0MTY1NDUzNQ==&mid=2247485099&idx=1&sn=40b9baa1e4e988da8ef40fc78bff98df&chksm=fb27edc3cc5064d578fe12e17c0bf378240133a74bdc0518c8937a042a98319ae93c8d8d4f19#rd,1,2019-5-20,0.0,1.0,1.0,1.0,115.0,1.0,0.0,,,,
197,环保垂改对生态环境部门职责履行的变革与挑战,http://mp.weixin.qq.com/s?__biz=MzU0MTY1NDUzNQ==&mid=2247485098&idx=1&sn=982c9206f4ac1a048155e01ee91f217e&chksm=fb27edc2cc5064d4968deeec23355204b424fb53ccd1fdce5e1d8c3dd02989201d857e7835ec#rd,1,2019-5-19,0.0,1.0,1.0,1.0,331.0,4.0,0.0,,,,
198,机构改革的理论逻辑与实践探讨——基于行政职能的分析视角,http://mp.weixin.qq.com/s?__biz=MzU0MTY1NDUzNQ==&mid=2247485097&idx=1&sn=703910dca5ad2d4f3806f8a0ab50e9a3&chksm=fb27edc1cc5064d7e9ee38c547eff16f4bd11dcf361b99b67cf558e9a14793802ae04f4ecf03#rd,1,2019-5-18,0.0,1.0,1.0,0.0,229.0,4.0,0.0,,,,
199,问题哲学研究及其“矛盾”问题,http://mp.weixin.qq.com/s?__biz=MzU0MTY1NDUzNQ==&mid=2247485095&idx=1&sn=24f3fba7ca78a79cf81a1d7d9e89e025&chksm=fb27edcfcc5064d916e6503f5b488dd22f47806ebecdd86acf1e697b9e3f2114058c4a1ea58f#rd,1,2019-5-17,0.0,1.0,1.0,1.0,89.0,0.0,0.0,,,,
200,身体本体论：对马克思哲学的另一种解读,http://mp.weixin.qq.com/s?__biz=MzU0MTY1NDUzNQ==&mid=2247485095&idx=2&sn=a20764363f06107ef7215bfa89dbbd2d&chksm=fb27edcfcc5064d9763c089d5fd84453e618322a05bf225db4e1650d3ef20b1ac2c62a671903#rd,2,2019-5-17,0.0,1.0,1.0,1.0,114.0,0.0,0.0,,,,
201,数字化驱动下区域科技创新的框架变化与范式重构,http://mp.weixin.qq.com/s?__biz=MzU0MTY1NDUzNQ==&mid=2247485094&idx=1&sn=31c3aae96633fdd9c77273a38971e30a&chksm=fb27edcecc5064d88b421e0aae1aaaf12aac0f10cdc83f6c716c1b393432fa7c167dc24fed11#rd,1,2019-5-16,0.0,1.0,1.0,1.0,81.0,0.0,0.0,,,,
202,虚拟现实技术背景下的虚拟实践本体论研究,http://mp.weixin.qq.com/s?__biz=MzU0MTY1NDUzNQ==&mid=2247485094&idx=2&sn=3a0fa8b7529aa4952aa745dd96e45b7c&chksm=fb27edcecc5064d8782a6c5ba8e218846f5c580472cc2470749fcf87ed1ed0004794715b7da5#rd,2,2019-5-16,0.0,1.0,1.0,1.0,77.0,0.0,0.0,,,,
203,全球化背景下我国医疗服务贸易发展分析,http://mp.weixin.qq.com/s?__biz=MzU0MTY1NDUzNQ==&mid=2247485064&idx=1&sn=19af841e0a52806750fed246822ecda0&chksm=fb27ede0cc5064f6e0798aeb4699b6bfadb56a056b1cff833447aa89c6c32a95dad4a9d7e89c#rd,1,2019-5-13,0.0,1.0,1.0,1.0,140.0,0.0,0.0,,,,
204,服务业开放对中国出口技术复杂度的影响研究,http://mp.weixin.qq.com/s?__biz=MzU0MTY1NDUzNQ==&mid=2247485057&idx=1&sn=47469c68d06e47f3604ec632263a6a94&chksm=fb27ede9cc5064ff77b9f72e34fb2d7c752b01dc209ff8a2a360e25e48c782c11b4c1c1e9dea#rd,1,2019-5-10,0.0,1.0,1.0,1.0,176.0,0.0,0.0,,,,
205,《学术论坛》2019年第1期目录,http://mp.weixin.qq.com/s?__biz=MzU0MTY1NDUzNQ==&mid=2247484909&idx=1&sn=2ff050af47caef41a047f67f4dde4b87&chksm=fb27ee85cc506793191cb4c1af73e8c8538ee5dfdd98690a4320cdb6e474d0fd8fb56c60eb93#rd,1,2019-5-6,0.0,1.0,1.0,0.0,459.0,0.0,0.0,,,,
206,高校思想政治教育亲和力及其内在逻辑研究,http://mp.weixin.qq.com/s?__biz=MzU0MTY1NDUzNQ==&mid=2247484902&idx=1&sn=3a111920ff7da0655df3fd4fd4e4c0ee&chksm=fb27ee8ecc50679887773d459312a018f7d36f4864d4da375a7f513aee2aac30ac2a9b11a7b2#rd,1,2019-5-5,0.0,1.0,1.0,1.0,906.0,10.0,0.0,,,,
207,历史合力论视角下陈独秀缺席中共“一大”原因探析,http://mp.weixin.qq.com/s?__biz=MzU0MTY1NDUzNQ==&mid=2247484898&idx=1&sn=96efc70f270b773f565886a1666d1980&chksm=fb27ee8acc50679ca7522a16a17a9378636808a3c4cfa2549c9adce8f96d725cb72dc6e718f2#rd,1,2019-5-4,0.0,1.0,1.0,1.0,1253.0,7.0,3.0,,,,
208,桂北乡贤所撰《资深集》及《资深集补篇注释》相关问题述略,http://mp.weixin.qq.com/s?__biz=MzU0MTY1NDUzNQ==&mid=2247484897&idx=1&sn=714084e07f84a63310f0f5f65eb91feb&chksm=fb27ee89cc50679f9d335cf3ca1af9758cf261c74d1096856676de672c168b70ade4d3a40166#rd,1,2019-5-3,0.0,1.0,1.0,1.0,45.0,1.0,0.0,,,,
209,被误解与遮蔽的经典：《檄吴将校部曲文》的作者及其文学价值,http://mp.weixin.qq.com/s?__biz=MzU0MTY1NDUzNQ==&mid=2247484897&idx=2&sn=028e0248c5b1bca8a26359d80b1b8c97&chksm=fb27ee89cc50679f373829da13471208bb88af70ab9b755f46de80312aa6d12f42b613d4537c#rd,2,2019-5-3,0.0,1.0,1.0,1.0,35.0,0.0,0.0,,,,
210,艺术语境的本体意义与理论表征,http://mp.weixin.qq.com/s?__biz=MzU0MTY1NDUzNQ==&mid=2247484885&idx=1&sn=8954f7ae72e2d53b5bbb39bd634e054d&chksm=fb27eebdcc5067ab7cbfb13cf91d162d268c3e6aac0e655bc092bcc4dfe2a057097f493f5547#rd,1,2019-5-2,0.0,1.0,1.0,1.0,111.0,1.0,0.0,,,,
211,中国文化符号他者理解特征分析——以突尼斯调查为例,http://mp.weixin.qq.com/s?__biz=MzU0MTY1NDUzNQ==&mid=2247484885&idx=2&sn=b03ada04ae91c249b48a0389c389de18&chksm=fb27eebdcc5067abd42c03a07db37d898ad6dc29a62c3bb58fc8d1eef664978f3b945d00146e#rd,2,2019-5-2,0.0,1.0,1.0,1.0,38.0,0.0,0.0,,,,
212,大卫·华莱士《无尽玩笑》的身体叙事,http://mp.weixin.qq.com/s?__biz=MzU0MTY1NDUzNQ==&mid=2247484885&idx=3&sn=3bda44defd9c3e7287d033639c41e90f&chksm=fb27eebdcc5067ab70d11082845863f78f86ba0db8ef81f069b3c8ef0f472ad6b448b319f631#rd,3,2019-5-2,0.0,1.0,1.0,1.0,167.0,1.0,1.0,,,,
213,论在追求美好生活中构建当代中国人的精神世界,http://mp.weixin.qq.com/s?__biz=MzU0MTY1NDUzNQ==&mid=2247484825&idx=1&sn=fc30beb512e11e4d8e593b4042543e21&chksm=fb27eef1cc5067e7898be0fa6ff0c81d9615a629d3645f9b9592ad48bb2c88e9cea2aa2d666a#rd,1,2019-4-30,0.0,1.0,1.0,1.0,333.0,2.0,0.0,,,,
214,马克思主义哲学本体论视域中的儒学“天人合一”观,http://mp.weixin.qq.com/s?__biz=MzU0MTY1NDUzNQ==&mid=2247484825&idx=2&sn=ce2236fe5130024a948d690ab381a8de&chksm=fb27eef1cc5067e78c66adebc2cfa99ec4581a28c4c13cd725de695d41430d36790c0c51d4aa#rd,2,2019-4-30,0.0,1.0,1.0,1.0,101.0,0.0,0.0,,,,
215,“类”本质的主体自觉与现时代人类社会共同体的建构逻辑,http://mp.weixin.qq.com/s?__biz=MzU0MTY1NDUzNQ==&mid=2247484825&idx=3&sn=d8b7ff576b9abfb1f4b6ab6b2dc0fb83&chksm=fb27eef1cc5067e7469bd37cc52d69002f54d4c57b06f997070bb712947803858ab7a13787b0#rd,3,2019-4-30,0.0,1.0,1.0,1.0,129.0,1.0,0.0,,,,
216,变革·转型·发展：改革开放以来价值观变迁的历史逻辑,http://mp.weixin.qq.com/s?__biz=MzU0MTY1NDUzNQ==&mid=2247484825&idx=4&sn=ce110f6f613a0831ef10cc3bb68f6c2a&chksm=fb27eef1cc5067e7d1ca6a280dbaa672c30c28e80561df5c38cd0536fece542a8bc6f9f9af62#rd,4,2019-4-30,0.0,1.0,1.0,1.0,282.0,1.0,0.0,,,,
217,我国木质林产品贸易高质量发展的路径 ——基于全球价值链理论与FDI对贸易的影响分析,http://mp.weixin.qq.com/s?__biz=MzU0MTY1NDUzNQ==&mid=2247484821&idx=1&sn=4ca0dbf3b8393146dd02316098acf104&chksm=fb27eefdcc5067eb82c159532eb8fe2f74deb9bcf598db00b1d91cec517f61558448f88e553d#rd,1,2019-4-29,0.0,1.0,1.0,1.0,67.0,0.0,0.0,,,,
218,新时代我国体育产业高质量发展的综合动因与对策思路,http://mp.weixin.qq.com/s?__biz=MzU0MTY1NDUzNQ==&mid=2247484821&idx=2&sn=2ac4fff1b681e6c3f6473c83c3cfffda&chksm=fb27eefdcc5067eb4c00ba3b0c74af9d73f7314eeda3218b0d2c83fc68c7d4e2f9a82df005df#rd,2,2019-4-29,0.0,1.0,1.0,1.0,84.0,0.0,0.0,,,,
219,增强网络空间意识形态凝聚力引领力机制建构,http://mp.weixin.qq.com/s?__biz=MzU0MTY1NDUzNQ==&mid=2247484820&idx=1&sn=9099b8f695ce1eefff827b5eba326bef&chksm=fb27eefccc5067ead1befb33c5b4716aac5b9d770a71b9b71338fdcc1929443c121bcb6d8441#rd,1,2019-4-28,0.0,1.0,1.0,1.0,571.0,0.0,0.0,,,,
220,文化技术视阈下加强意识形态建设的新思考,http://mp.weixin.qq.com/s?__biz=MzU0MTY1NDUzNQ==&mid=2247484820&idx=2&sn=8d99e2a06252c7a969314698938a3fe1&chksm=fb27eefccc5067eacf9c1f3540af96473b69724d1abd12ec974c050a50aba095ae48cb9fe9fa#rd,2,2019-4-28,0.0,1.0,1.0,0.0,403.0,0.0,0.0,,,,
221,伦理•认知•制度——治国理政视角下的毛泽东群众路线思想,http://mp.weixin.qq.com/s?__biz=MzU0MTY1NDUzNQ==&mid=2247484780&idx=1&sn=f3a529761669b0887c3757c7db588ef0&chksm=fb27ee04cc506712dbddcba97f9e2eefd9c993d62e05eb8c2ef933644ca9fe60463ef615f71e#rd,1,2019-4-26,0.0,1.0,1.0,1.0,241.0,8.0,0.0,,,,
222,毛泽东关于严肃党内政治生活的四重着力点与启示——基于斯塔尔的《毛泽东的政治哲学》的政治学解读与反思,http://mp.weixin.qq.com/s?__biz=MzU0MTY1NDUzNQ==&mid=2247484780&idx=2&sn=35a85bd8fb1218d89a19d1a7065ffa2e&chksm=fb27ee04cc506712a465c5a82497efe22854c4874f50a55e5ff696249585d354a6995aeb8b99#rd,2,2019-4-26,0.0,1.0,1.0,1.0,150.0,4.0,0.0,,,,
223,返本与开新：延安时期毛泽东重建党内意识形态的实践及其启示,http://mp.weixin.qq.com/s?__biz=MzU0MTY1NDUzNQ==&mid=2247484780&idx=3&sn=cfa0f1e6c93e93c61b750ab3f4aea93d&chksm=fb27ee04cc506712400da454a21500b8bcaf06589baa137e69513fecd90073202f914aa8e438#rd,3,2019-4-26,0.0,1.0,1.0,1.0,353.0,21.0,0.0,,,,
224,《学术论坛》2018年第6期目录,http://mp.weixin.qq.com/s?__biz=MzU0MTY1NDUzNQ==&mid=2247484736&idx=1&sn=a9f4c5b6f4d5138cd1bb9d2f6e3cfc2e&chksm=fb27ee28cc50673e219d1cc4085f584cd146f9c0cca32a21691aa6730f29e21e2af80df14895#rd,1,2019-4-25,0.0,1.0,1.0,1.0,471.0,1.0,0.0,,,,
225,陈兵：我国反垄断执法十年回顾与展望 ——以规制滥用市场支配地位案件为例的解说,http://mp.weixin.qq.com/s?__biz=MzU0MTY1NDUzNQ==&mid=2247484736&idx=2&sn=0b8a6fbeda181f5af3eca2e65091a23f&chksm=fb27ee28cc50673e1fdb8f5b2449ae8b1da437dd32c99a9c04b78c865e9d3c4864c692e3ef4c#rd,2,2019-4-25,0.0,1.0,1.0,1.0,60.0,0.0,0.0,,,,
226,刘敬东，王路路：“一带一路”倡议创制国际法的路径研究,http://mp.weixin.qq.com/s?__biz=MzU0MTY1NDUzNQ==&mid=2247484736&idx=3&sn=ef5f6f59747d5e3c889c969e287ef039&chksm=fb27ee28cc50673e922622f1f45f3a426ed9fd4d6c6ad29d8bf107369b8be6445a362f5ddea0#rd,3,2019-4-25,0.0,1.0,1.0,1.0,363.0,2.0,0.0,,,,
227,《学术论坛》恭祝您新春快乐,http://mp.weixin.qq.com/s?__biz=MzU0MTY1NDUzNQ==&mid=2247484698&idx=1&sn=7efc33065441cdf6bfadc4c8e161fc20&chksm=fb27ee72cc5067649f318ad3e6cac956745ee22c39da8a8844d39fc86ee80673d3bd9b49edd3#rd,1,2019-2-5,0.0,1.0,1.0,0.0,125.0,3.0,0.0,,,,
228,中新互联互通南向通道驱动因素分析与对策,http://mp.weixin.qq.com/s?__biz=MzU0MTY1NDUzNQ==&mid=2247484690&idx=1&sn=4c57c11508e5a5ba40c55d9383849fbb&chksm=fb27ee7acc50676cf480ce6f8340d9175becb2af97002a78224347f4ee1b38fdbc26455f525b#rd,1,2019-1-20,0.0,1.0,1.0,1.0,221.0,1.0,0.0,,,,
229,意识形态刚性与“以人为本”柔性——论“刚柔兼济”的高校思想政治教学,http://mp.weixin.qq.com/s?__biz=MzU0MTY1NDUzNQ==&mid=2247484687&idx=1&sn=45310058143f094e3048b2bcf8522fcd&chksm=fb27ee67cc506771fe4a83683c5375c4b3dc0a51921f475f2970d600de79927d6cf223426fab#rd,1,2019-1-19,0.0,1.0,1.0,1.0,810.0,3.0,0.0,,,,
230,网络思想政治教育视域下的网络空间治理思考,http://mp.weixin.qq.com/s?__biz=MzU0MTY1NDUzNQ==&mid=2247484686&idx=1&sn=247e8453dbd07d00d675f0d666da5688&chksm=fb27ee66cc50677035d6a8d9a80c81134bcf202f770d70ce897458847c6c72d40c62f9a5735f#rd,1,2019-1-18,0.0,1.0,1.0,1.0,871.0,1.0,0.0,,,,
231,现代信息技术与高校思政课深度融合的异化及其超越,http://mp.weixin.qq.com/s?__biz=MzU0MTY1NDUzNQ==&mid=2247484685&idx=1&sn=f52eafe0b3a87edc447319ee3f731792&chksm=fb27ee65cc506773a45cd83610c23f254cf17b0e36e94c2e8eba254ef3e80522aed8593388f5#rd,1,2019-1-17,0.0,1.0,1.0,1.0,2328.0,22.0,0.0,,,,
232,西南数字经济大通道建设的现状与对策研究,http://mp.weixin.qq.com/s?__biz=MzU0MTY1NDUzNQ==&mid=2247484678&idx=1&sn=efdb310077a2bd6db348cb86c2d0f26d&chksm=fb27ee6ecc506778d0150892bae0a4f77884821dc3cca020fc2c2763b4775b30aa4c8c616975#rd,1,2019-1-16,0.0,1.0,1.0,1.0,89.0,0.0,0.0,,,,
233,集体行动中的民粹主义倾向及其规制,http://mp.weixin.qq.com/s?__biz=MzU0MTY1NDUzNQ==&mid=2247484677&idx=1&sn=1c98ff8ae8b269abc52f7311c6ad9d5a&chksm=fb27ee6dcc50677b186ba49e37772bd57f211665633e84eeaed54c314bed650ef881cee04a1d#rd,1,2019-1-15,0.0,1.0,1.0,1.0,223.0,0.0,0.0,,,,
234,戈夫曼的全控机构模型：内涵、批评及回应,http://mp.weixin.qq.com/s?__biz=MzU0MTY1NDUzNQ==&mid=2247484676&idx=1&sn=4bc346800cdd6077008b4d7e158d8ba4&chksm=fb27ee6ccc50677a3bae154c9df55d7c5fbc41c8387e489f4ae9289e71f367179c660b5ce9cf#rd,1,2019-1-14,0.0,1.0,1.0,1.0,163.0,2.0,0.0,,,,
235,代际冲突与合作——幼儿家庭照料类型探析,http://mp.weixin.qq.com/s?__biz=MzU0MTY1NDUzNQ==&mid=2247484675&idx=1&sn=65701a7568090ef2c5299476c25afdeb&chksm=fb27ee6bcc50677d1a9738ad3be9effb5d90b7ca6102c3fa8cf750c442c1d9ecb83104deae03#rd,1,2019-1-13,0.0,1.0,1.0,1.0,143.0,1.0,0.0,,,,
236,政府还是家庭：长期照护服务供给责任反思,http://mp.weixin.qq.com/s?__biz=MzU0MTY1NDUzNQ==&mid=2247484674&idx=1&sn=45ab1dc7c9efdbdfa42f5be144c08540&chksm=fb27ee6acc50677c6e76536848a57b8db2e32af8360a100178591d54af413cc9dd7fba8f8163#rd,1,2019-1-12,0.0,1.0,1.0,1.0,112.0,0.0,0.0,,,,
237,国家责任与政府角色——儿童照顾的变迁与政策调整,http://mp.weixin.qq.com/s?__biz=MzU0MTY1NDUzNQ==&mid=2247484673&idx=1&sn=be4574b0fd6914d60e64aa492413930f&chksm=fb27ee69cc50677fa113499aa0f11cada0bd507dcc43660440f95e490b1df1412287085f2a46#rd,1,2019-1-11,0.0,1.0,1.0,1.0,558.0,0.0,0.0,,,,
238,基于国家审计的精准扶贫保障机制研究,http://mp.weixin.qq.com/s?__biz=MzU0MTY1NDUzNQ==&mid=2247484640&idx=1&sn=f047c1fc3e86e6d92b553ee9e6295886&chksm=fb27ef88cc50669e664202f373930c57a5b49e7d6be5bb7942d860289645aa568d548eb4675b#rd,1,2019-1-10,0.0,1.0,1.0,1.0,117.0,0.0,0.0,,,,
239,农村金融制度创新支持精准脱贫的难点与对策——基于我国中西部金融扶贫的调研,http://mp.weixin.qq.com/s?__biz=MzU0MTY1NDUzNQ==&mid=2247484639&idx=1&sn=aec90675d1576fdc60e1d123135c1544&chksm=fb27efb7cc5066a1d24009a614646aca849856d4775af76dde65fb65c9fdd52c8a860a10cbec#rd,1,2019-1-9,0.0,1.0,1.0,1.0,232.0,0.0,0.0,,,,
240,从正义的理论到关于正义的理论 ——论马克思对黑格尔正义理论的继承与发展,http://mp.weixin.qq.com/s?__biz=MzU0MTY1NDUzNQ==&mid=2247484626&idx=1&sn=633dffc284c4ef1e40e2edb8ea2f4602&chksm=fb27efbacc5066ac860147db348d1a1105a10c9c49453ed01f678fad3ba0bb3520795cf5a8da#rd,1,2019-1-6,0.0,1.0,1.0,1.0,191.0,0.0,0.0,,,,
241,资本逻辑视域中过剩人口的生命政治,http://mp.weixin.qq.com/s?__biz=MzU0MTY1NDUzNQ==&mid=2247484625&idx=1&sn=6180044065ac148a81c7655a65b1c6ed&chksm=fb27efb9cc5066af6a1cbcab9fec4be002b9feff75df67d23c6caec4e044429c3df09bab64f0#rd,1,2019-1-5,0.0,1.0,1.0,1.0,1045.0,4.0,0.0,,,,
242,人民群众是历史的创造者新解,http://mp.weixin.qq.com/s?__biz=MzU0MTY1NDUzNQ==&mid=2247484624&idx=1&sn=1573d5ea01b051b6f4d249244ad98f91&chksm=fb27efb8cc5066ae895248f34a6e0f1a6eb3b3229f724f32e13cd5aa6b91eb62fbab0cc4b3c7#rd,1,2019-1-4,0.0,1.0,1.0,1.0,983.0,1.0,1.0,,,,
243,改革开放40年我国物质文明与精神文明关系的实践及理论探索,http://mp.weixin.qq.com/s?__biz=MzU0MTY1NDUzNQ==&mid=2247484610&idx=1&sn=ebfed491f9c517b9101fc176c364bae5&chksm=fb27efaacc5066bc75b3ce15e4f6c7c91b1ea687d9ea53726c382b108a8f3fdd869c599a9984#rd,1,2019-1-2,0.0,1.0,1.0,1.0,573.0,3.0,1.0,,,,
244,论改革开放40年来党的纪律建设,http://mp.weixin.qq.com/s?__biz=MzU0MTY1NDUzNQ==&mid=2247484609&idx=1&sn=84132826dbb689d4be721523534db289&chksm=fb27efa9cc5066bfc21cb6e7db1f9064a3f09c9fe4772611753884d2ee3b18ae31fe9f6d6304#rd,1,2019-1-3,0.0,1.0,1.0,1.0,531.0,2.0,0.0,,,,
245,西南民族地区稳疆固边治理探讨,http://mp.weixin.qq.com/s?__biz=MzU0MTY1NDUzNQ==&mid=2247484413&idx=1&sn=08e4245470710c2e9e60781e0cc13dc2&chksm=fb27e895cc5061830ddd3bd356e3cadeff6aa0d28c0db701bfc5edafd159824dfa0079532ec0#rd,1,2019-1-1,0.0,1.0,1.0,1.0,385.0,8.0,0.0,,,,
246,改革开放与中国婚姻财产法的勃兴：回顾与展望,http://mp.weixin.qq.com/s?__biz=MzU0MTY1NDUzNQ==&mid=2247484411&idx=1&sn=39f77f85d4c686a73f10e016060d9d44&chksm=fb27e893cc50618543e615f8e5242150907e4303a1b7d966a35c6c8f6390377450e4c24d59a8#rd,1,2018-12-31,0.0,1.0,1.0,1.0,83.0,1.0,0.0,,,,
247,改革开放40年中国犯罪化立法的回顾、反思与前瞻,http://mp.weixin.qq.com/s?__biz=MzU0MTY1NDUzNQ==&mid=2247484410&idx=1&sn=4b910eaec5d938f9fd9d5c66dbfbb628&chksm=fb27e892cc50618421e0e3ca096389874f5a0fadc9ac8c6dc985c248ace65b620bee241d8660#rd,1,2018-12-30,0.0,1.0,1.0,1.0,110.0,2.0,0.0,,,,
248,无法逐出注释刑法领域的社会危害性 ——社会危害性研究40年（1978—2018）的共识与再聚焦,http://mp.weixin.qq.com/s?__biz=MzU0MTY1NDUzNQ==&mid=2247484409&idx=1&sn=832536f94057de5937851fa4dbaad447&chksm=fb27e891cc506187365fa038ffbae1389b0d1d3479b47822053e117b3cb9539d93f7693ed769#rd,1,2018-12-29,0.0,1.0,1.0,1.0,106.0,1.0,0.0,,,,
249,改革开放以来我国普法教育的历程回顾与对策展望 ——一种知识社会学的分析视角,http://mp.weixin.qq.com/s?__biz=MzU0MTY1NDUzNQ==&mid=2247484408&idx=1&sn=818a58f424503e53a01c088b1baad695&chksm=fb27e890cc50618680086c5b3092270d29b0a8e18821c0ab04cb7e5482657b8496e955bb8725#rd,1,2018-12-28,0.0,1.0,1.0,1.0,128.0,6.0,0.0,,,,
250,改革开放40年消费者法嵌于市场经济发展的嬗变与展望,http://mp.weixin.qq.com/s?__biz=MzU0MTY1NDUzNQ==&mid=2247484330&idx=1&sn=8e4be3e9e6d6ab5fc677ce5ecf4519f0&chksm=fb27e8c2cc5061d431e2c4a5f980db5a32d3e43cc31821ec6ec0ca913e1855669f1438ff7c76#rd,1,2018-12-27,0.0,1.0,1.0,1.0,147.0,4.0,0.0,,,,
251,《学术论坛》2018年第5期目录,http://mp.weixin.qq.com/s?__biz=MzU0MTY1NDUzNQ==&mid=2247484313&idx=1&sn=210dc8312badadbc55686f7d742c4c9f&chksm=fb27e8f1cc5061e764e973fefc5b304a0eea760ecb86ba7346e99c90d4ea6c7e0bc03a78fba2#rd,1,2018-12-26,0.0,1.0,1.0,1.0,1193.0,2.0,0.0,,,,
252,习近平生态文明思想的意蕴及三个价值维度  ——基于人与自然和谐共生的视角,http://mp.weixin.qq.com/s?__biz=MzU0MTY1NDUzNQ==&mid=2247484305&idx=1&sn=ebdd6ddf39e01dcf6e97eba97b9a21d2&chksm=fb27e8f9cc5061ef13f7972518c4eefb132298cc46d25dee49936bf5d257df3f85fbbf580cac#rd,1,2018-12-21,0.0,1.0,1.0,1.0,344.0,0.0,2.0,,,,
253,生态文明建设的理论基础与现实路径 ——基于马克思恩格斯生态思想建构视角,http://mp.weixin.qq.com/s?__biz=MzU0MTY1NDUzNQ==&mid=2247484304&idx=1&sn=c39bee435fd4f107106e86ca23370ebb&chksm=fb27e8f8cc5061eedc376cf60c4ddbd6217c27a8a907a9c4276818a891d4a97ee496d78802b8#rd,1,2018-12-20,0.0,1.0,1.0,1.0,389.0,0.0,1.0,,,,
254,改革开放以来中国共产党意识形态话语的法治化建构,http://mp.weixin.qq.com/s?__biz=MzU0MTY1NDUzNQ==&mid=2247484303&idx=1&sn=0d22c5d3c7762e84415689ef7ad96407&chksm=fb27e8e7cc5061f16b8991e3d24a13c73b18de6da8b2629b5354f2831e33c169452fda94f0ee#rd,1,2018-12-19,0.0,1.0,1.0,1.0,826.0,0.0,1.0,,,,
255,论以“课程思政”实现协同育人的关键点位及有效落实,http://mp.weixin.qq.com/s?__biz=MzU0MTY1NDUzNQ==&mid=2247484302&idx=1&sn=a70727e2823dbfd18175daef8bb150f9&chksm=fb27e8e6cc5061f06d68dbc9103bb33fdbcbd2a897c89969407118eede40c7201b145c631355#rd,1,2018-12-18,0.0,1.0,1.0,1.0,1200.0,0.0,5.0,,,,
256,思想政治理论课教学中两支队伍协同的内涵、机理与方法探究,http://mp.weixin.qq.com/s?__biz=MzU0MTY1NDUzNQ==&mid=2247484301&idx=1&sn=f35524feb1c1be886a2828e7e7215c04&chksm=fb27e8e5cc5061f3bd1ae2f10295105a7b096a5faf6bb346993e380ec62c0b5ec6c1b12d36b2#rd,1,2018-12-17,0.0,1.0,1.0,1.0,1109.0,0.0,3.0,,,,
257,我国矿产资源保护法律制度完善路径分析,http://mp.weixin.qq.com/s?__biz=MzU0MTY1NDUzNQ==&mid=2247484300&idx=1&sn=16a5e556d05a3266621414614dc7760e&chksm=fb27e8e4cc5061f2de6e78b22a4ba6a942f812ef5c1520a0a2f8eaa8a4f6195a71915e51eb62#rd,1,2018-12-16,0.0,1.0,1.0,1.0,97.0,0.0,0.0,,,,
258,重大误解制度“重大”之认定,http://mp.weixin.qq.com/s?__biz=MzU0MTY1NDUzNQ==&mid=2247484299&idx=1&sn=cec7a5302d4001bc6e0cff1b321de991&chksm=fb27e8e3cc5061f5f25b665a103527c9526c35bed1ae1e1ca96517ca83991008c245b1991232#rd,1,2018-12-15,0.0,1.0,1.0,1.0,183.0,1.0,0.0,,,,
259,网络金融平台不作为犯的刑事责任及其边界  ——以信息网络安全管理义务为切入点,http://mp.weixin.qq.com/s?__biz=MzU0MTY1NDUzNQ==&mid=2247484298&idx=1&sn=fc8e2cb25b1d3db7d6cf42bfd262e149&chksm=fb27e8e2cc5061f42a1ac91ceb5ea6c4d247ce6d864e60fe104cc1f6d56e292a527955b1f8bc#rd,1,2018-12-14,0.0,1.0,1.0,1.0,82.0,0.0,0.0,,,,
260,家事司法专门化的路径与选择,http://mp.weixin.qq.com/s?__biz=MzU0MTY1NDUzNQ==&mid=2247484297&idx=1&sn=0227def32c1f57bab0c40f4895d22e7b&chksm=fb27e8e1cc5061f7ca59c92b743fccc7c704804f9c2c09cbca263ddb9a1a94f7f64c933a4b96#rd,1,2018-12-5,0.0,1.0,1.0,0.0,69.0,0.0,1.0,,,,
261,我国无人承受遗产归属主体的立法构建  ——基于十省市问卷调查的分析,http://mp.weixin.qq.com/s?__biz=MzU0MTY1NDUzNQ==&mid=2247484283&idx=1&sn=e19657e200a67d6da3fa6289aefbaa2f&chksm=fb27e813cc5061056c0633cc4ffae5e464f1efdda5e38c3149aff21e511574f1feacadd5934c#rd,1,2018-12-3,0.0,1.0,1.0,1.0,84.0,0.0,1.0,,,,
262,论我国民法典“继承编”法定继承制度之立法完善 ——基于四川省民众法定继承观念与遗产处理习惯的问卷调查,http://mp.weixin.qq.com/s?__biz=MzU0MTY1NDUzNQ==&mid=2247484282&idx=1&sn=d3b1287875495148854cfbbe69bd9c3e&chksm=fb27e812cc506104db828add4c6796aaf010574d24458f70e4f55166cb364abb0365a2b90d18#rd,1,2018-11-30,0.0,1.0,1.0,1.0,61.0,0.0,0.0,,,,
263,服务业开放度视角下中国攀升全球价值链研究,http://mp.weixin.qq.com/s?__biz=MzU0MTY1NDUzNQ==&mid=2247484205&idx=1&sn=dbd1a25b5a579cd318ed0858371a5dcc&chksm=fb27e845cc506153f3347e6e3be7027a7f576a19108a68c79c74e91973582b0cf953a8073a8a#rd,1,2018-11-15,0.0,1.0,1.0,1.0,164.0,0.0,2.0,,,,
264,公共服务供给方式及其优化选择的框架式分析 ——兼论PPP是优化公共产品与服务供给的善治选项,http://mp.weixin.qq.com/s?__biz=MzU0MTY1NDUzNQ==&mid=2247484205&idx=2&sn=769cb8f4dc7088cf53cc5c8700c42fcb&chksm=fb27e845cc506153fe0d8c4a17412c85f8dcf410d0303fcdd570de34a3a4c4732b0ce416b7c1#rd,2,2018-11-15,0.0,1.0,1.0,1.0,164.0,1.0,2.0,,,,
265,习近平生态文明思想整体性探析,http://mp.weixin.qq.com/s?__biz=MzU0MTY1NDUzNQ==&mid=2247484167&idx=1&sn=d5c209a8fcc8089046641bf51fafd15c&chksm=fb27e86fcc506179fc33a7e18e479e38eec7a74d109bf1b21e34cebbb8390d7293b28453e290#rd,1,2018-11-10,0.0,1.0,1.0,1.0,1469.0,0.0,4.0,,,,
266,习近平关于意识形态领导权的重要论述探析,http://mp.weixin.qq.com/s?__biz=MzU0MTY1NDUzNQ==&mid=2247484160&idx=1&sn=ae88a36feb904eb85e806abf6dde359d&chksm=fb27e868cc50617e8f53979050996ef0a81e3bc79dba08bdc4ba1564e9348cd347a8253fb053#rd,1,2018-11-9,0.0,1.0,1.0,1.0,970.0,0.0,0.0,,,,
267,唯物辩证法与新时代中国特色社会主义实践双重视域下的“意识形态终结论”批判,http://mp.weixin.qq.com/s?__biz=MzU0MTY1NDUzNQ==&mid=2247484160&idx=2&sn=5d8b3b039d5d59d81bda8098ac9cedf4&chksm=fb27e868cc50617e92e37370feab655c19f61a797580db5249844732ca7fa85b6134271a8d30#rd,2,2018-11-9,0.0,1.0,1.0,1.0,541.0,0.0,1.0,,,,
268,意识形态建构理论的源与流：从马克思到列宁,http://mp.weixin.qq.com/s?__biz=MzU0MTY1NDUzNQ==&mid=2247484160&idx=3&sn=4898d15e4a45c857494268e1d39e96e0&chksm=fb27e868cc50617ef0bc422301ea2529c50aecff16ff2fd0b48aa0608854dd29418e36944c5a#rd,3,2018-11-9,0.0,1.0,1.0,1.0,599.0,1.0,2.0,,,,
269,互联网时代传播格局的重构及其新挑战,http://mp.weixin.qq.com/s?__biz=MzU0MTY1NDUzNQ==&mid=2247484149&idx=1&sn=17d35985a6cbbcf9f7875c725eddaa92&chksm=fb27e99dcc50608bfbeac1988d2259339e7a2f61f4ddc1d0da69adb5abf50bfdff006995d907#rd,1,2018-11-8,0.0,1.0,1.0,1.0,584.0,0.0,1.0,,,,
270,计算社会科学视角：媒体传播效果的计算机模拟研究,http://mp.weixin.qq.com/s?__biz=MzU0MTY1NDUzNQ==&mid=2247484149&idx=2&sn=2582e02e9cebe052e8f6123186ba15b2&chksm=fb27e99dcc50608bbd28d17720e55787a8a2d6fa48430af1a4c47889931e2caebe320c48fd43#rd,2,2018-11-8,0.0,1.0,1.0,1.0,290.0,1.0,1.0,,,,
271,能否让算法定义社会 ——传媒社会学视角下的新闻算法推荐系统,http://mp.weixin.qq.com/s?__biz=MzU0MTY1NDUzNQ==&mid=2247484149&idx=3&sn=71101bc2b46090b25ef0f4a60970f759&chksm=fb27e99dcc50608bd0eb5365c585b641cef1e2e09af010ab5ac9b9db10a2c3c76b212b4d46b4#rd,3,2018-11-8,0.0,1.0,1.0,1.0,198.0,0.0,2.0,,,,
272,互联网负面新闻偏好对患方信任的影响 ——基于网络新闻大数据与CSS2013的实证研究,http://mp.weixin.qq.com/s?__biz=MzU0MTY1NDUzNQ==&mid=2247484149&idx=4&sn=ce5a27fdafa183db4ede856c072006ff&chksm=fb27e99dcc50608b4602011a23d59b3044f058623307e1f993535eccaba0c833b82ccd4d6f03#rd,4,2018-11-8,0.0,1.0,1.0,1.0,172.0,0.0,0.0,,,,
273,《学术论坛》2018年第4期目录,http://mp.weixin.qq.com/s?__biz=MzU0MTY1NDUzNQ==&mid=2247483917&idx=1&sn=278fdb1fbc0e4589f31a4e79d6ac8548&chksm=fb27e965cc506073648f30141928a690b26c891ab7f8ded9d66d0d448fafa9f09670da59f10c#rd,1,2018-10-25,0.0,1.0,1.0,1.0,847.0,0.0,4.0,,,,
274,《学术论坛》再次入选北大中文核心期刊（2017版）,http://mp.weixin.qq.com/s?__biz=MzU0MTY1NDUzNQ==&mid=2247483912&idx=1&sn=f127eccccb43d5c7174872f6521e443a&chksm=fb27e960cc50607622c28dc3c3a2c75aa50615727ffd0add7be24837dae683bd104e4fc46b7e#rd,1,2018-9-8,0.0,1.0,1.0,0.0,2031.0,0.0,11.0,,,,
275,弘扬榜样文化与培育爱国价值观,http://mp.weixin.qq.com/s?__biz=MzU0MTY1NDUzNQ==&mid=2247483909&idx=1&sn=5fca01d96aea2cf9f0f2bcd3309828fc&chksm=fb27e96dcc50607b6104190e784281d314c6fd8d83f5ddcd69106acb4ec14194e76ef475fbee#rd,1,2018-8-30,0.0,1.0,1.0,1.0,1016.0,1.0,6.0,,,,
276,张小平：非西方化的现代化道路与中华传统文化的更新创造,http://mp.weixin.qq.com/s?__biz=MzU0MTY1NDUzNQ==&mid=2247483905&idx=1&sn=2badd269a3039f9f33a5459ec462db17&chksm=fb27e969cc50607fdc8835118adc552ad4e3f9ce11a1f09600ff6c5da8be9b2a0d7d7809aed4#rd,1,2018-8-29,0.0,1.0,1.0,1.0,459.0,1.0,2.0,,,,
277,张国启：论习近平全人类共同价值思想的话语特质及其意义,http://mp.weixin.qq.com/s?__biz=MzU0MTY1NDUzNQ==&mid=2247483902&idx=1&sn=7c444ba4893ce315b36dd70d45a45997&chksm=fb27ea96cc50638028b407b3317043735dfb274c96828eedac3dacfeecf3936b9300e9f45def#rd,1,2018-8-28,0.0,1.0,1.0,1.0,584.0,0.0,4.0,,,,
278,刘方喜：论人类命运共同体与共享理念的文化战略学意义,http://mp.weixin.qq.com/s?__biz=MzU0MTY1NDUzNQ==&mid=2247483901&idx=1&sn=bd952bbd0bdebf7105803f8df974e25a&chksm=fb27ea95cc506383096b2bb924844140c94594c5c75a8297eb388480c46725a9cb73f6cdb674#rd,1,2018-8-27,0.0,1.0,1.0,1.0,765.0,0.0,5.0,,,,
279,《学术论坛》2018年第3期目录,http://mp.weixin.qq.com/s?__biz=MzU0MTY1NDUzNQ==&mid=2247483894&idx=1&sn=b7a882ddf0b07d2eee6d38b70de8c358&chksm=fb27ea9ecc5063888d270325225552c8a2057e6a064c55b38a2f0561e2b74fa275d2e0b44725#rd,1,2018-8-10,0.0,1.0,1.0,1.0,876.0,0.0,5.0,,,,
280,杨俊蕾：机器，技术与AI写作的自反性,http://mp.weixin.qq.com/s?__biz=MzU0MTY1NDUzNQ==&mid=2247483868&idx=1&sn=e5c707a49ce3324a6667813201ba2570&chksm=fb27eab4cc5063a28ae82df44900e9f0ec6705a652b4a8a95a2d4fd7d6581e029a3fc36e35c8#rd,1,2018-6-18,0.0,1.0,1.0,1.0,671.0,1.0,3.0,,,,
281,王峰：后人类的超限人性 ——《西部世界》的叙事“套路”与价值系统,http://mp.weixin.qq.com/s?__biz=MzU0MTY1NDUzNQ==&mid=2247483864&idx=1&sn=286282d7810ed3d91ee759578120c38e&chksm=fb27eab0cc5063a63a727aa5d2c87067d65260223f5b313771fb133327af28ffcb0480f7c739#rd,1,2018-6-17,0.0,1.0,1.0,1.0,962.0,0.0,2.0,,,,
282,人类命运共同体话语体系的内在逻辑和时代价值,http://mp.weixin.qq.com/s?__biz=MzU0MTY1NDUzNQ==&mid=2247483857&idx=1&sn=94aefcd040abb1b66a7409d16a9b6d7f&chksm=fb27eab9cc5063af03340b9cc05e2aaa114a91362e30bd3d0225f2966786577823614e9fe5cc#rd,1,2018-6-11,0.0,1.0,1.0,1.0,1605.0,0.0,13.0,,,,
283,人类命运共同体话语的多维考量,http://mp.weixin.qq.com/s?__biz=MzU0MTY1NDUzNQ==&mid=2247483856&idx=1&sn=a88c0e57fae473036e7301b0a2778501&chksm=fb27eab8cc5063aeb07704fcc0d6600a092681b881c8467aa41f07d1b073b95e692b77eb0a47#rd,1,2018-6-10,0.0,1.0,1.0,1.0,630.0,1.0,4.0,,,,
284,习近平人类命运共同体思想的根与源探析 ——兼论其对《共产党宣言》的价值拓新,http://mp.weixin.qq.com/s?__biz=MzU0MTY1NDUzNQ==&mid=2247483855&idx=1&sn=90b0c774dfcb36f8ec82f0a7c17ba2ce&chksm=fb27eaa7cc5063b1e2894bf2c2f092d6154c639c3a6a9dcbbc8e622dd6348a81551bedd36208#rd,1,2018-6-9,0.0,1.0,1.0,1.0,699.0,0.0,6.0,,,,
285,人类命运共同体思想是马克思“两个决不会”的创造性发展,http://mp.weixin.qq.com/s?__biz=MzU0MTY1NDUzNQ==&mid=2247483848&idx=1&sn=a224b7671bc1998eb3bfbf841af2fe06&chksm=fb27eaa0cc5063b628f3db715a4fb47b43b1edc822b3c4ebd60f7c8555cac5814dd6304923ff#rd,1,2018-6-8,0.0,1.0,1.0,1.0,939.0,0.0,1.0,,,,
286,人类命运共同体视阈下当代中国人的全球意识培育,http://mp.weixin.qq.com/s?__biz=MzU0MTY1NDUzNQ==&mid=2247483845&idx=1&sn=984df2e9509b6092d5485c3013df6857&chksm=fb27eaadcc5063bbcd52e12103154df9e408a157a94efe1c3f7bd6148fd490ec1360a30857c8#rd,1,2018-6-7,0.0,1.0,1.0,1.0,1689.0,5.0,6.0,,,,
287,《学术论坛》2018年第2期目录,http://mp.weixin.qq.com/s?__biz=MzU0MTY1NDUzNQ==&mid=2247483824&idx=1&sn=766fe1c8581df385289c92c1d6ab0058&chksm=fb27ead8cc5063cebde1012cd8c3e4bad1512326f593715afc4cc57dfd72f6ea30641ce27c31#rd,1,2018-6-6,0.0,1.0,1.0,0.0,1986.0,0.0,8.0,,,,
288,《学术论坛》2018年第1期目录,http://mp.weixin.qq.com/s?__biz=MzU0MTY1NDUzNQ==&mid=2247483799&idx=1&sn=657aa25f27ceb0d82081234b696393b4&chksm=fb27eaffcc5063e9e59876ec75a0a50c6efedb2fbc29e6f62051a8c5a42a702269f7836dcba2#rd,1,2018-4-10,0.0,1.0,1.0,0.0,1252.0,0.0,15.0,,,,
289,精品推送,http://mp.weixin.qq.com/s?__biz=MzU0MTY1NDUzNQ==&mid=2247483753&idx=1&sn=cc4a6cbbc7d93d35f3b5930508cfc43a&chksm=fb27ea01cc506317cdeca6a683a892baecf74230f357bdc46b093e4e50bc377d28bd1de3ae6c#rd,1,2018-3-6,0.0,1.0,1.0,0.0,106.0,0.0,2.0,,,,
290,《学术论坛》2017年第6期目录,http://mp.weixin.qq.com/s?__biz=MzU0MTY1NDUzNQ==&mid=2247483710&idx=1&sn=bc21269fdd28fd248f6b545b6d310284&chksm=fb27ea56cc5063402f9e6758dc50d6ac493e4d3a569a153e2bc99400f87b49103408a287c7ce#rd,1,2018-2-8,0.0,1.0,1.0,0.0,287.0,0.0,2.0,,,,
