,year,month,year_month,account_name,monthly_articles,monthly_posts,monthly_read_10000_more,monthly_articles_origin,monthly_first_have_chaolianjie,monthly_first_have_newmedia,monthly_first_have_tupian1yinpin1shipin,monthly_likes_sum,monthly_old_likes_sum,monthly_likes_mean,monthly_old_likes_mean,monthly_likes_mean_first_post,monthly_old_likes_mean_first_post,monthly_likes_max,monthly_read_sum,monthly_read_mean,monthly_read_first_post,monthly_read_max,monthly_content_num,monthly_auther_reply_num,monthly_content_like_num,monthly_auther_like_num,monthly_titles
0,2017,1,2017-1,人文杂志,9.0,8.0,0.0,0.0,0.0,1.0,1.0,0.0,6.0,0.0,0.6666666666666666,0.0,0.75,0.0,848.0,94.22222222222223,0.0,345.0,1.0,0.0,0.0,0.0,杨慧林 |“何以译诗”与“诗何以译”——以来华传教士的西诗译介为例☀石碧球 | 西方近代自然法观念的历史流变☀卢现祥 | 供给侧结构性改革：从资源重新配置追赶型经济转向创新驱动型经济☀段忠桥 | 分配正义、剥削与按劳分配——答孔陆泉先生【上】☀段忠桥 | 分配正义、剥削与按劳分配——答孔陆泉先生【下】☀《人文杂志》2017年第1期☀朱富强 | 马克思经济学制度研究的基本路线——从本质到现象的五层次分析及其阐释☀高传胜 | 社会企业、国有企业改革与社会创业创新☀臧知非 | 简牍所见秦和汉初田亩制度的几个问题——以阡陌封埒的演变为核心
1,2017,2,2017-2,人文杂志,6.0,6.0,0.0,0.0,0.0,1.0,1.0,1.0,8.0,0.16666666666666666,1.3333333333333333,0.16666666666666666,1.3333333333333333,1.0,428.0,71.33333333333333,0.16666666666666666,149.0,0.0,0.0,0.0,0.0,王 李 | 小微金融的发展诉求：困境、路径与展——基于金融供给主体的视角☀赵本义 郭禹宏 | 西方古典哲学具体范畴的历史演进☀袁祖社 |“非制度化生存”：社会诚信伦理精神的缺失及其矫治☀《人文杂志》2017年第2期☀陈柏峰 | 中国传媒的商业性和利益场☀王子今 | 秦始皇直道起点辨正
2,2017,3,2017-3,人文杂志,12.0,10.0,0.0,0.0,0.0,1.0,1.0,1.0,68.0,0.08333333333333333,5.666666666666667,0.1,5.5,1.0,5926.0,493.8333333333333,0.1,2417.0,2.0,0.0,2.0,0.0,王保忠 李忠民 | 何炼成经济学思想评述☀刘成纪 | 古琴在中国早期艺术中的定位和价值面向☀张 法 | 豆：作为中国远古陶器之美☀易冬冬 | 中国早期丧仪对悲感的审美表达☀范立舟 | 范仲淹、张载思想授受关系的历史考察☀《人文杂志》2017年第3期☀赵汀阳 | 艺术的本意与意义链☀王 宁 | 自目的性和部落主义:消费社会学研究的新范式☀李帆 | 浅析清末民初历史教科书中的“国耻”与“亡国”话语☀张 雷 白永秀 | 土地信托流转的适应性：基于陕西省杨陵区的案例分析☀《人文杂志》2016 年“人大复印报刊资料”全文转载统计☀王 李 | 小微金融的发展诉求：困境、路径与展望——基于金融供给主体的视角
3,2017,4,2017-4,人文杂志,10.0,7.0,0.0,0.0,0.0,1.0,1.0,1.0,27.0,0.1,2.7,0.14285714285714285,3.7142857142857144,1.0,1713.0,171.3,0.14285714285714285,525.0,1.0,0.0,0.0,0.0,彭秋归 | 当前中国哲学社会科学网络话语权的审视与构建☀房地产业发展问题研究☀董 藩 董文婷 | 发达国家房地产业发展经验及其对我国供给侧改革的启示☀王 盛 胡锈腾 李雪韵 | 城市资本存量估算及与房地产价格的影响关系——以上海为例☀李腊生 樊 星 陈福静 | 基于我国居民家庭资产选择偏好的房价泡沫测定☀干春松 | 康有为政治哲学的人性论基础——以《孟子微》为中心☀《人文杂志》2017年第4期☀《人文杂志》在人大复印报刊资料2016年度转载指数排名中获佳绩☀闵学勤 | 社会实验：嵌入协商治理的可能及可为——以南京市鼓楼区社区协商实验为例☀李金铮 | 近代中国耕地“红线”之争
4,2017,5,2017-5,人文杂志,9.0,9.0,0.0,0.0,0.0,1.0,1.0,1.0,30.0,0.1111111111111111,3.3333333333333335,0.1111111111111111,3.3333333333333335,1.0,1590.0,176.66666666666666,0.1111111111111111,413.0,3.0,0.0,0.0,0.0,蓝勇 | 巴蜀历史发展中“唐代断痕”问题 ——兼论中国古代的低生产力势力与战争负能量问题☀严若森 祁浩 | 政治关联对家族企业税收激进行为的影响：社会情感财富理论视角☀姚金伟 | 丝绸之路经济带核心区支线建设研究——以重要节点阿克苏为例☀《人文杂志》2016年度刊文转载复印量再创新高☀刘 凯 | 美元本位、全球经济失衡与人民币国际化☀吾 淳 |“连续”与“突破”：张光直历史理论的要义、贡献及问题☀《人文杂志》2017年第5期☀何祎金 | 开放现代性及其挑战：韦伯个案的中国观察☀冯建勇 | “现代化”叙事中的边疆认知与边疆实践——国民政府时期边疆开发运动的多重图景
5,2017,6,2017-6,人文杂志,6.0,6.0,0.0,0.0,0.0,1.0,1.0,3.0,21.0,0.5,3.5,0.5,3.5,3.0,1627.0,271.1666666666667,0.5,524.0,0.0,0.0,0.0,0.0,郭豫媚 刘哲希 陈彦斌 | 中国富豪的巨额财富积累来源于科技创新吗？☀朱建平 | 亚里士多德逻辑的现代性研究☀李若晖 | 虚妄的“道体”：思想变迁下的经典诠释☀“《资本论》与中国特色社会主义政治经济学”研讨会 ——纪念《人文杂志》创刊60周年研讨会征文启事☀《人文杂志》2017年第6期☀王忠武 | 发展为体，模式为用——论中国发展模式建构的体用逻辑
6,2017,7,2017-7,人文杂志,10.0,10.0,0.0,0.0,0.0,1.0,1.0,2.0,34.0,0.2,3.4,0.2,3.4,1.0,2405.0,240.5,0.2,671.0,4.0,0.0,3.0,0.0,赵毅衡 | 范畴与筹划：思维对意义世界的重要作用☀张炜 | 预期、货币政策与房地产泡沫空间溢出新趋势解析——基于消费者选择偏好视角下的经验验证☀朱富强 | 如何理解新结构经济学的GIFF框架：内在逻辑、现实应用和方法论意义☀刘清平 | 缺失意志自由的人生自由——斯宾诺莎自由观的悖论解析☀林光华 | 无待自然与有待自然——《老子》之“自然”及其当代意义☀《人文杂志》2017年第7期☀陈友华 许加明 | 社会工作专业权威建构：现状、问题与思考☀代国玺 | 概念遮覆：公羊学所谓“三世”的旧义与新诠☀谢贵安 | 明清史学与中国史学近代转型研究刍议☀武玲娣 杨建飞 | 拉赫曼和卢卡斯预期理论的比较研究
7,2017,8,2017-8,人文杂志,8.0,7.0,0.0,0.0,0.0,1.0,1.0,1.0,36.0,0.125,4.5,0.14285714285714285,4.714285714285714,1.0,4040.0,505.0,0.14285714285714285,1586.0,1.0,0.0,0.0,0.0,谢安世 | 优势集聚与经济增长：基于方法论视角的分析☀“《资本论》与中国特色社会主义政治经济学” 研讨会 —— 纪念《人文杂志》创刊60周年研讨会征文启事☀任保平 张 蓓 | 新常态下我国地方经济增长质量的转型及其宏观调控的转向☀陈赟 |《庄子·逍遥游》的文本逻辑与思想结构☀张瀚墨 | 论文本阐释策略的选择——以王弼本《老子》第四十一章为例☀《人文杂志》2017年第8期☀王先明 焦雨楠 | 近代中国民主政治建设路径的探索与思考——柳镛泰《职业代表制：近代中国的民主遗产》评析☀陆正兰 | 论音乐-空间文本
8,2017,9,2017-9,人文杂志,4.0,4.0,0.0,0.0,0.0,1.0,1.0,0.0,16.0,0.0,4.0,0.0,4.0,0.0,1381.0,345.25,0.0,550.0,0.0,0.0,0.0,0.0,《人文杂志》2017年第9期☀吴忠民 | 20世纪在中国历史上的重大标识意义——20世纪中国“V字型”历程分析☀黄兴涛 | 抗战前后“民族英雄”问题的讨论与“汉奸”“华奸”之辩——以现代中华民族观念的影响为视角☀陈望衡 | 《楚辞》与中华美学的浪漫精神
9,2017,10,2017-10,人文杂志,7.0,5.0,0.0,0.0,0.0,1.0,1.0,3.0,44.0,0.42857142857142855,6.285714285714286,0.6,6.8,2.0,2957.0,422.42857142857144,0.6,955.0,4.0,1.0,0.0,0.0,建设中国特色哲学社会科学与学术期刊的历史使命暨纪念《人文杂志》创刊60周年研讨会召开☀60周年特刊专题 | 《资本论》与中国特色社会主义政治经济学研究☀邱海平 | 《资本论》与中国特色社会主义政治经济学的辩证关系☀高帆 | ”资本吮吸理论”及其对中国经济发展的启示☀《人文杂志》2017年第10期☀陈其泰 | 论古代史家的信史追求☀列斐伏尔的社会空间理论批判
10,2017,11,2017-11,人文杂志,5.0,3.0,0.0,0.0,0.0,1.0,1.0,5.0,28.0,1.0,5.6,1.6666666666666667,3.3333333333333335,5.0,1596.0,319.2,1.6666666666666667,761.0,2.0,0.0,0.0,0.0,贺雪峰 | 应对老龄社会的家庭农业☀朱季康 | 近代中国田园的复兴之梦——以民国时期农业教育界的农业认识为中心的考察☀60周年特刊专题 | 先秦文史新论☀丁四新 | 浑天说的宇宙生成论和结构论溯源——兼论楚竹书《太一生水》《恒先》与浑天说的理论起源☀曹峰 | 先秦道家关于“贤能”的思考
11,2017,12,2017-12,人文杂志,9.0,9.0,0.0,0.0,0.0,1.0,1.0,0.0,39.0,0.0,4.333333333333333,0.0,4.333333333333333,0.0,3519.0,391.0,0.0,789.0,0.0,0.0,0.0,0.0,张再林 | 中国文化中的“工具理性”☀林剑 | 李约瑟难题与钱学森之问的文化诠释☀《人文杂志》2017年第12期☀徐律 夏玉珍 | 重识“社会学想象力”：跨越时空的历史解读与反思☀姜生 | 汉墓“老子把持仙箓”图考☀党圣元 | 选本与中国古代文论教学——从古代文论读本编撰谈起☀韩晗 | 略论中国现代文化产业史的几个特征☀张一兵 | 空间塑形与非物质劳动——张一兵与大卫·哈维对话之一（2017）☀《人文杂志》2017年第11期
12,2018,1,2018-1,人文杂志,7.0,7.0,0.0,0.0,0.0,1.0,1.0,0.0,30.0,0.0,4.285714285714286,0.0,4.285714285714286,0.0,2754.0,393.42857142857144,0.0,1171.0,0.0,0.0,0.0,0.0,陈壁生 | 《论语》的性质——论一种阅读《论语》的方式☀《人文杂志》2018年第1期☀王建民 | 从“激情”到“调整”——试论宏观社会心态的变迁☀江立华　王寓凡 | 单位社区解体与老年群体空间意义的变迁☀刘巍 | 试论钱穆通史路径之时代根源及其所成就的“中国主义”☀祁志祥 | 朱立元“实践存在论美学”评述☀洪银兴 | 关于中国特色社会主义政治经济学理论体系建设的几个问题
13,2018,2,2018-2,人文杂志,5.0,5.0,0.0,0.0,0.0,1.0,1.0,5.0,12.0,1.0,2.4,1.0,2.4,4.0,1931.0,386.2,1.0,920.0,1.0,0.0,0.0,0.0,郑春勇 | 对口支援中的“礼尚往来”现象及其风险研究☀王瑶　朱华 | 抗战时期国民政府对日宣战问题再探☀韩振江 | 蝴蝶：齐泽克的古代中国镜像☀姜宇辉 | “生成-中国”：一个地理哲学的视角☀师博　姚峰　李辉 | 创新投入、市场竞争与制造业绿色全要素生产率
14,2018,3,2018-3,人文杂志,6.0,6.0,0.0,0.0,0.0,1.0,1.0,1.0,34.0,0.16666666666666666,5.666666666666667,0.16666666666666666,5.666666666666667,1.0,2748.0,458.0,0.16666666666666666,818.0,0.0,0.0,0.0,0.0,《人文杂志》2018年第3期☀李育民 | 晚清时期中美条约关系的演变——从“搭便车”到“门户开放”☀张荣翼 | 文学史中文学的“估值”问题☀任保平 | 新时代高质量发展的政治经济学理论逻辑及其现实性☀陈群志 | 胡塞尔现象学中的“时间客体” 与 “绝对河流”问题——以《内时间意识现象学》为中心的考察☀《人文杂志》2018年第2期
15,2018,4,2018-4,人文杂志,9.0,9.0,0.0,0.0,0.0,1.0,1.0,9.0,58.0,1.0,6.444444444444445,1.0,6.444444444444445,7.0,6062.0,673.5555555555555,1.0,1308.0,1.0,0.0,0.0,0.0,冯天瑜 | 治学三门径：义理、考据、辞章☀宫敬才 | 论马克思《资本论》中让当事人出场说话的方法☀卫兴华 | 辨析我国当前社会主要矛盾转化问题解读的理论是非☀《人文杂志》2018年第4期☀刘秋根 陈添翼 | 清末北京印局及其对工商业的放款——以晋商《宣统三年转本底账》为中心☀任弢 | 政府信息可得性、治理能力与政治信任☀金惠敏 | 文化民族主义不是文化自信——重访季羡林的“河东河西论”与汤因比的世界主义☀刘瑞明　亢延锟 | 企业的力量：“大分流”视野下的世界一流企业构建☀林光华 | 以道化欲，以朴化名——再论《老子》之自然及其对恶的克服
16,2018,5,2018-5,人文杂志,5.0,5.0,0.0,0.0,0.0,1.0,1.0,3.0,26.0,0.6,5.2,0.6,5.2,3.0,2519.0,503.8,0.6,765.0,0.0,0.0,0.0,0.0,叶树勋 | 老子“自然”观念的三个问题☀谢辉元 | 社会进化论与马克思主义历史哲学观念的递嬗☀《人文杂志》2018年第5期☀倪楠 | 人工智能发展过程中的法律规制问题研究☀李禹阶 | 中国文明起源中的政治体与政治认同
17,2018,6,2018-6,人文杂志,9.0,8.0,0.0,0.0,0.0,1.0,1.0,3.0,28.0,0.3333333333333333,3.111111111111111,0.375,3.5,3.0,3772.0,419.1111111111111,0.375,1273.0,0.0,0.0,0.0,0.0,安树伟 | 改革开放40年以来我国区域经济发展演变与格局重塑☀胡海峰 王爱萍 陈世金 | 改革开放40年后基础设施投资还是稳增长的法宝吗？☀《人文杂志》2018年第6期☀赵卫华 | 集体消费制度渐进式转型及其社会后果分析☀杜文玉 | 论新罗乐舞的特征与新罗乡乐的内涵——兼论中国与新罗的乐舞交流☀陈林侠 | 传统与现代：当下中国电影的“至诚”☀刘锋杰 | 从“认识论”到“本体论”——刘勰《原道》篇再阐释☀詹新宇 韩雪君 | 财政分权的经济增长质量效应研究——基于中国省际面板数据的系统GMM分析☀李金华 | “一带一路”建设背景下中国制造企业的应对策略思考
18,2018,7,2018-7,人文杂志,7.0,7.0,0.0,0.0,0.0,1.0,1.0,5.0,31.0,0.7142857142857143,4.428571428571429,0.7142857142857143,4.428571428571429,3.0,2880.0,411.42857142857144,0.7142857142857143,1020.0,2.0,0.0,0.0,0.0,张一兵 | 隐性人本主义：以交往异化逻辑解读马克思的理论歧路☀《人文杂志》2018年第7期☀徐选国 杨威威 徐永祥 | 人工智能时代的多重挑战与社会工作的专业回应☀刘辉 | 恽代英与中国共产党阶级分析的兴起☀寇鹏程 | 情感缺失与当前中国美学的根本问题☀武玲娣 杨建飞 陈小勇 | 经济计算与经济组织：论市场的有效性☀张明 | 中国现代性问题历史语境的哲学审思
19,2018,8,2018-8,人文杂志,5.0,5.0,0.0,0.0,0.0,1.0,1.0,1.0,16.0,0.2,3.2,0.2,3.2,1.0,1461.0,292.2,0.2,605.0,2.0,0.0,0.0,0.0,樊如森 | 新时期的中国历史经济地理学研究☀《人文杂志》2018年第8期☀朱文哲 | 科学与“党义”：国民历编订的争论及其意蕴☀李伟昉 | 莎士比亚：弗洛伊德精神分析学的隐秘之源——以布鲁姆《西方正典》为中心☀方凤玲 白暴力 | 习近平经济新常态思想对马克思主义政治经济学的丰富与发展
20,2018,9,2018-9,人文杂志,8.0,8.0,0.0,0.0,0.0,1.0,1.0,0.0,47.0,0.0,5.875,0.0,5.875,0.0,3929.0,491.125,0.0,1385.0,2.0,0.0,0.0,0.0,刘进田 | 新发展理念与价值的哲学自觉☀杨虎涛 贾蕴琦 | 产业协同、高端保护与短周期迂回——中兴事件的新李斯特主义解读☀杨新铭 | 供需视角下新时代社会主要矛盾分析☀《人文杂志》2018年第9期☀张康之 | 论全球化、后工业化中的生活☀周家彬 朱小龙 | 中共对“大革命”内涵的认识及其转变初探☀杨守森 | 论美学与文艺学的关系☀王玉彬 | 庄子“小大之辩”新探——兼及对“逍遥”的理解
21,2018,10,2018-10,人文杂志,3.0,3.0,0.0,0.0,0.0,1.0,1.0,1.0,7.0,0.3333333333333333,2.3333333333333335,0.3333333333333333,2.3333333333333335,1.0,1523.0,507.6666666666667,0.3333333333333333,893.0,0.0,0.0,0.0,0.0,《人文杂志》2018年第10期☀陈明 | “土地政治”：理论建构与实践逻辑——中国土地问题政治分析论纲☀焦兴涛 | 西方史学界对英国“新君主制”的历史解读
22,2018,11,2018-11,人文杂志,7.0,7.0,0.0,0.0,0.0,1.0,1.0,0.0,19.0,0.0,2.7142857142857144,0.0,2.7142857142857144,0.0,2338.0,334.0,0.0,1140.0,0.0,0.0,0.0,0.0,《人文杂志》2018年第11期☀曾盛聪 | 地利共享、分配正义与政府责任：一个分析框架☀燕永成 | 宋代史书编传新趋势及其特点☀张立群 | “丁玲传”的历史与现实——兼及现代作家传记写作的若干问题☀陈赟 | 透视主义哲学视角下鲲鹏之重言☀卢现祥 朱迪 | 中国制度变迁40年：回顾与展望——基于新制度经济学视角☀冯建勇 厉声 | 改革开放40年来中国边疆史地研究学科的繁荣与发展
23,2018,12,2018-12,人文杂志,4.0,4.0,0.0,0.0,0.0,1.0,1.0,5.0,42.0,1.25,10.5,1.25,10.5,5.0,4720.0,1180.0,1.25,2714.0,0.0,0.0,0.0,0.0,《人文杂志》2018年第12期☀谭徐锋 | 政治寿？文化寿？——郭沫若五十寿辰暨创作生活二十五周年纪念活动本末☀李正图 | 新时代真的需要“消灭私有制”？——纪念马克思恩格斯《共产党宣言》发表170周年☀赵汀阳 | 渔樵与历史哲学
24,2019,1,2019-1,人文杂志,10.0,8.0,0.0,0.0,0.0,1.0,1.0,51.0,1.0,5.1,0.1,5.875,0.125,10.0,5360.0,536.0,5.875,1355.0,0.0,0.0,0.0,0.0,宁镇疆 | 中国早期“民本”思想与商周的有限王权☀《人文杂志》2019年第1期☀王雨磊 | 精准扶贫中的家国关系☀刘悦斌 | 晚清国人对中外关系认识的变化及应对——从“华夷秩序”到“战国秩序”☀祁志祥 | 同中有异：吕荧、高尔太主观派美学之辨☀魏冬　梁军莉 | 曹冷泉先生关学研究述评——兼论现代关学研究之基本认识与方法☀龚刚 马丽 | 新时代“一带一路”倡议的制度选择☀瞿宛文 | 如何研究中国产业：多种理论资源综论☀白让让 | 新结构经济学产业政策的应用范式与现实挑战——以我国新能源汽车产业为例☀葛浩阳 | 仅仅是“政策”之争吗？——方法论视角下“产业政策之争”再回顾
25,2019,2,2019-2,人文杂志,5.0,5.0,0.0,0.0,0.0,1.0,1.0,22.0,0.0,4.4,0.0,4.4,0.0,6.0,2725.0,545.0,4.4,1308.0,2.0,0.0,2.0,0.0,王向远 | 近四十年来我国“东方文学史”的三种形态及其建构☀《人文杂志》2019年第2期☀宣朝庆 陈旭华 | 以都市振兴乡村社会——吴景超城市社会学思想再思考☀张俊 | 作为历史常态的文学边缘化及其当代处境☀吾淳 | “轴心期”理论的困境与进路
26,2019,3,2019-3,人文杂志,7.0,7.0,0.0,0.0,0.0,1.0,1.0,59.0,2.0,8.428571428571429,0.2857142857142857,8.428571428571429,0.2857142857142857,16.0,4663.0,666.1428571428571,8.428571428571429,1466.0,0.0,0.0,0.0,0.0,《人文杂志》2019年第3期☀冯渝杰 | 铸剑、剑解与道教身体观——“人剑合一”的知识考古☀金惠敏 | 人类文化共同体与中国文化复兴论☀陈迎年 | “礼后乎”脞说——伦理学、政治哲学与美学的分别与合一☀马莉莉 | 开放型经济新体制的建构原理与方式☀蒋南平 | 人工智能与新时代中国特色社会主义政治经济学的映射及其政策价值☀张师伟 | 中国政治思想史研究的百年回眸与学术省思——本土政治理论的概念检视与话语梳理
27,2019,4,2019-4,人文杂志,8.0,8.0,0.0,0.0,0.0,1.0,1.0,47.0,0.0,5.875,0.0,5.875,0.0,18.0,4776.0,597.0,5.875,1509.0,1.0,0.0,0.0,0.0,蓝勇 | 中国环境史研究与“干涉限度差异”理论建构☀《人文杂志》2019年第4期☀谢贵安 | 民国与伪满在《清实录》整理及研究上的学术竞争☀徐姜汇 | 宋代长江行记书写的人文转向——以《入蜀记》《吴船录》为中心☀沈顺福 | 论传统儒家诠释学：以方以智为中心☀赵通　任保平 | 新时代我国产业资本与金融资本结合的风险及其防范策略☀葛荃 | 中国政治文化研究的反思与前瞻☀荣兆梓 | 公有制为主体的基本经济制度：基于中国特色社会主义实践的理论诠释
28,2019,5,2019-5,人文杂志,8.0,6.0,0.0,0.0,0.0,1.0,1.0,51.0,2.0,6.375,0.25,6.0,0.16666666666666666,9.0,5499.0,687.375,6.0,1895.0,0.0,0.0,0.0,0.0,李海青 | 使命型政党的“生死伦理”——基于“老三篇”的一种文本阐释☀高立伟 | 论马克思主义使命型政党从“是”到“能”的内在逻辑☀孔新峰 | 先秦儒家生死观与中国共产党人的“生死伦理”☀《人文杂志》2019年第5期☀李海昕 李天德 | 民间金融发展促进了分配公平吗？☀刘清平 | 试析斯密已经看见的那只看不见的手☀刘纪璐 | 荀子如何调解“其善者伪也”与道德实在性的冲突——荀子的道德理论是道德建构论还是道德实在论？☀杨敏 | 早期马克思主义社会学中国化：焦点议题及其当代价值——马克思主义阶级阶层分析的一种再认识
29,2019,6,2019-6,人文杂志,7.0,7.0,0.0,0.0,0.0,1.0,1.0,22.0,0.0,3.142857142857143,0.0,3.142857142857143,0.0,5.0,3450.0,492.85714285714283,3.142857142857143,1452.0,0.0,0.0,0.0,0.0,江宁康 | 启蒙运动与西方现代文明的起源☀李育 刘凯 | 房产财富与购房决策如何影响居民消费☀景天魁 | 欲兴其学 先正其史——略谈中国社会学史研究☀《人文杂志》2019年第6期☀李利文 易承志 | 公共服务供给的共享制创新：类型、风险及其规避☀孙旭 李继凯 | 理性利己的幸福是否可能——安·兰德幸福观的悖论☀杜勇 | 西周“共和行政”历史真相新探
30,2019,7,2019-7,人文杂志,0.0,0.0,0.0,0.0,0.0,0.0,0.0,0.0,0.0,0.0,0.0,0.0,0.0,0.0,0.0,0.0,0.0,0.0,0.0,0.0,0.0,0.0,0
31,2019,8,2019-8,人文杂志,11.0,6.0,0.0,0.0,0.0,1.0,1.0,36.0,0.0,3.272727272727273,0.0,3.1666666666666665,0.0,6.0,6658.0,605.2727272727273,3.1666666666666665,1457.0,0.0,0.0,0.0,0.0,“源头和演变：早期中国的‘自然’概念”专题☀郑开 | 自然与Physis：比较哲学的视野☀曹峰 | 从因循万物之性到道性自然——“自然”成为哲学范畴的演变历程☀李巍 | 控制问题与道家思想——“自然”三义及演变☀《人文杂志》2019年第8期☀王贤彬 黄亮雄 | 商事制度改革的经济学逻辑☀任保平 | 新时代我国制造业高质量发展需要坚持的六大战略☀彭明生 范从来 | 论高质量发展阶段中国货币政策的新框架☀李育民 | “五四”与近代反帝理论的产生——从排外到反帝的历史转折☀俞祖华 | 五四启蒙思想家的时空意识——兼谈新文化运动的三个维度☀《人文杂志》2019年第7期
32,2019,9,2019-9,人文杂志,5.0,5.0,0.0,0.0,0.0,1.0,1.0,33.0,2.0,6.6,0.4,6.6,0.4,13.0,3746.0,749.2,6.6,1821.0,2.0,0.0,0.0,0.0,《人文杂志》2019年第9期☀王鸿 | 时间与历史：晚清士人的“二十世纪”意识☀赵厚均 | 《文选》赋序论争与两汉赋序辨析☀李童 | 双边关系对中国技术寻求型对外直接投资的影响——以中美贸易争端为背景☀陶锋 | 人工智能翻译与“世界文学”
33,2019,10,2019-10,人文杂志,7.0,4.0,0.0,0.0,0.0,1.0,1.0,68.0,2.0,9.714285714285714,0.2857142857142857,5.75,0.0,26.0,5392.0,770.2857142857143,5.75,1260.0,1.0,0.0,0.0,0.0,张明 | 中国道路70年：内涵、视角与方法☀王进芬 | 新中国成立70年来马克思主义中国化进程中的苏联因素☀《人文杂志》2019年第10期☀边燕杰 杨洋 | 作为中国主体话语的关系社会学☀李迎生 | 中国特色社会工作体系建设初探☀司晓宏 樊莲花 李越 | 新中国70年义务教育发展轨迹、成就及愿景分析☀包炜杰 周文 | 新中国70年来我国所有制理论发展演进与进一步研究的几个问题
34,2019,11,2019-11,人文杂志,4.0,3.0,0.0,0.0,0.0,1.0,1.0,14.0,3.0,3.5,0.75,3.6666666666666665,0.3333333333333333,7.0,2154.0,538.5,3.6666666666666665,939.0,0.0,0.0,0.0,0.0,人文杂志社承办的“人工智能与中国特色哲学社会科学创新发展”学术研讨会在西安成功召开☀《人文杂志》2019年第11期☀石英 | 人工智能视域下的社会学“费孝通悖论”求解☀汪银涛 吴延溢 | 人工智能时代劳动法立法范式的转型
35,2019,12,2019-12,人文杂志,11.0,9.0,0.0,0.0,0.0,1.0,1.0,61.0,4.0,5.545454545454546,0.36363636363636365,5.555555555555555,0.4444444444444444,10.0,5442.0,494.72727272727275,5.555555555555555,1291.0,0.0,0.0,0.0,0.0,房 伟 | “历史和解”与“意识融合”的文学史张力——当代文学史视野下的20世纪90年代王蒙小说创作☀丁为祥 王 星 | 从“六有”到“东铭”：张载哲学的另一层面☀张康之 | “科学”与“人”：管理学中的两大主题☀蔡之兵 张可云 | 空间布局、地方竞争与区域协调——新中国70年空间战略转变历程对构建中国特色社会主义空间科学的启示☀《人文杂志》2019年第12期☀陈壁生 | 从《訄书》到《检论》——章太炎先生《检论手稿》的价值☀祁志祥 | 新中国“中国美学史”著述的盘点与评估☀林 剑 | 论人工智能的发展对人的劳动解放与社会解放的意义☀陈小亮 陈彦斌 | 发展人工智能的产业政策存在的问题与调整思路☀姚进忠 陈蓉蓉 | 中国残疾人社会福利70年:历史演进和逻辑理路☀白永秀 何昊 | 西部大开发20年：历史回顾、实施成效与发展对策
36,2020,1,2020-1,人文杂志,6.0,6.0,0.0,0.0,0.0,1.0,1.0,11.0,2.0,1.8333333333333333,0.3333333333333333,1.8333333333333333,0.3333333333333333,4.0,2923.0,487.1666666666667,1.8333333333333333,1409.0,0.0,0.0,0.0,0.0,郭 晗 | 黄河流域高质量发展中的可持续发展与生态环境保护☀高 煜 | 黄河流域高质量发展中现代产业体系构建研究☀钞小静 | 推进黄河流域高质量发展的机制创新研究☀师 博 | 黄河流域中心城市高质量发展路径研究☀任保平 | 黄河流域高质量发展的特殊性及其模式选择☀《人文杂志》2020年第1期
37,2020,2,2020-2,人文杂志,3.0,3.0,0.0,0.0,0.0,1.0,1.0,25.0,6.0,8.333333333333334,2.0,8.333333333333334,2.0,16.0,2554.0,851.3333333333334,8.333333333333334,1298.0,0.0,0.0,0.0,0.0,吴新叶 | 党建引领社会治理的中国叙事——兼论国家-社会范式的局限及其超越☀蔡恒进 汪恺 | AI时代的人文价值——对强计算主义的反驳☀任剑涛 | 人工智能与社会控制
38,2020,3,2020-3,人文杂志,6.0,5.0,0.0,0.0,0.0,1.0,1.0,32.0,0.0,5.333333333333333,0.0,6.0,0.0,13.0,4111.0,685.1666666666666,6.0,1768.0,0.0,0.0,0.0,0.0,许 可 | 鲁迅“钞古碑”事迹考☀朱栋荣 闾小波 | 从“互鉴”到“序进”：西力东渐时期中国人的世局观☀李健 |唐代美学的“思”与“境”☀李芳民 | 论秦蜀交通与唐代的蜀道诗路☀丁四新 | 庄子思想的三大本原及其自然之义☀《人文杂志》2020年第2期
39,2020,4,2020-4,人文杂志,13.0,10.0,0.0,0.0,0.0,1.0,1.0,82.0,5.0,6.3076923076923075,0.38461538461538464,8.0,0.5,19.0,7562.0,581.6923076923077,8.0,1530.0,0.0,0.0,0.0,0.0,谢青松 |“认识你自己”——对老子之“道”的一种解读☀王向远 |近三十年来我国 “理论东方学”的主流形态——从 “亚细亚生产方式”到 “马克思东方社会理论” 和 “马克思主义东方学”☀世界读书日：《人文杂志》赠阅名单公布啦☀《人文杂志》2020年第4期☀世界读书日：《人文杂志》免费赠阅活动☀刘成良 | 精准治理：地方治理的精准转向及其悖论——地方治理能力的视角☀向玉琼 | 超越理性知识：论环境治理的知识更新☀冯渝杰 | 民意操控、皇权危机与党锢之祸——基于政治文化视角的考察☀向晋卫 崔珊珊 | “性与天道”与秦汉时期的思想演进☀王国成 | 混合人-机行为与经济理论基础研究的创新发展☀程承坪 彭欢 | 中国人工智能的经济风险及其防范☀刘刚 杜爽 | 智能经济创新区的兴起和发展——以杭州市为例☀李春敏 | 作为一种时空体验的后现代主义：一种哈维的视角
40,2020,5,2020-5,人文杂志,9.0,6.0,0.0,0.0,0.0,1.0,1.0,36.0,2.0,4.0,0.2222222222222222,4.833333333333333,0.16666666666666666,11.0,5391.0,599.0,4.833333333333333,2799.0,0.0,0.0,0.0,0.0,刘方喜 | 人工智能“超工业化”革命的生产工艺学批判——兼论中国理论的自主创新☀杨虎涛 | 人工智能如何为高质量发展“赋能” ——ICT时代的启示与AI时代的应对之道☀夏庆杰 | 新中国成立70年正确经济发展路径的溯源与选择☀孙大权 | 新中国70年理论经济学的演变与发展☀《人文杂志》2020年第5期☀向鸿波 | “文明古国”说在晚清的缘起与演变☀张轶群 杜传忠 | 基于大数据的产业链演变研究☀李新瑜 张永庆 |基于产业链视角的人工智能风险分析及其防范☀李彦昌 |共识与分歧：民国时期“中药科学化”的由来与多元实践
41,2020,6,2020-6,人文杂志,8.0,8.0,0.0,0.0,0.0,1.0,1.0,29.0,3.0,3.625,0.375,3.625,0.375,12.0,4107.0,513.375,3.625,2049.0,0.0,0.0,0.0,0.0,闫 晴 | 家庭生育的税收激励：理念跃升与制度优化☀李 兴 吴 赛 | 试析“一带一路 ”框架下的中美俄三角关系☀戴圣鹏 | 经济文明视域中的生态文明建设☀《人文杂志》2020年第6期☀彭兆荣 | “三野”的行吟之歌——文学旅行志的一种范式☀赵 建 | 城市化、信息化与国家治理现代化进程中的疫情防控与管理☀皮迷迷 | 以“今古之辨”解“汉宋之争”：一个考察《新学伪经考》的视角☀鲁 全 | 公共卫生应急管理：类型、流程与责任分配机制
42,2020,7,2020-7,人文杂志,6.0,5.0,0.0,0.0,0.0,1.0,1.0,35.0,27.0,5.833333333333333,4.5,6.8,4.8,12.0,4168.0,694.6666666666666,6.8,2272.0,0.0,0.0,0.0,0.0,刘民权 | 公共卫生百年回望与未来之思考☀查尔斯-爱德华·艾默里·温斯洛 | 尚待开拓的公共卫生领域☀《人文杂志》2020年第7期☀马颖颖 申曙光 | 推进医药卫生治理体系和治理能力现代化的路径与对策——基于突发公共卫生事件长效应对视角☀燕永成 | 南宋前期史学兴盛问题探究☀吴怀东 | 苏轼论陶诗“质而实绮，癯而实腴”思想发微
43,2020,8,2020-8,人文杂志,10.0,10.0,0.0,0.0,0.0,1.0,1.0,47.0,77.0,4.7,7.7,4.7,7.7,10.0,8343.0,834.3,4.7,2626.0,0.0,0.0,0.0,0.0,沈江平 秦 睿 | 人工智能中的女性异化图绘及其应对☀唐代兴 | 人工智能发展带动的社会公正危机☀温 权 | 卡斯特的结构主义城市批判与西方都市马克思主义的路径转向☀杨建刚 | 人道主义的还是结构主义的？——马克思主义的两种理论形态及其论争☀《人文杂志》2020年第8期☀张师伟 | 中国传统政治哲学研究的史学视域与归纳方法☀陈彦斌 王兆瑞 | 提升居民消费与推动中国经济高质量发展☀钟书林 | 从“文取旨达”到“文章不群”：论陶渊明文学史地位的升格☀崔明海 | 新中国成立初期知识界关于汉字拼音化的思想争论☀李洪河 | 新中国卫生防疫制度与合作医疗制度的协同演进论略
44,2020,9,2020-9,人文杂志,7.0,7.0,0.0,0.0,0.0,1.0,1.0,47.0,38.0,6.714285714285714,5.428571428571429,6.714285714285714,5.428571428571429,13.0,7121.0,1017.2857142857143,6.714285714285714,2907.0,0.0,0.0,0.0,0.0,卢现祥 | 生产技术、社会技术与中国产业升级☀阎树群 张 帆 | 新时代中国特色社会主义制度体系建构的理论逻辑☀《人文杂志》2020年第9期☀《人文杂志》刊文转摘量、转摘率再创佳绩☀章 辉 | 何为舞蹈：当代分析美学的争论及其意义☀陆 扬 | 论新历史主义批评☀俞祖华 怀培安 | 优生·强身·尚武：近代身体史视阈下的民族复兴思想
45,2020,10,2020-10,人文杂志,7.0,7.0,0.0,0.0,0.0,1.0,1.0,39.0,26.0,5.571428571428571,3.7142857142857144,5.571428571428571,3.7142857142857144,12.0,6545.0,935.0,5.571428571428571,2580.0,0.0,0.0,0.0,0.0,胡海峰 窦斌 | “一带一路”基础设施投融资规则的探索与设计☀廖明月 | 新冠肺炎疫情对中国消费市场的影响及财税法应对☀边燕杰 鲁肖麟 | 防疫社会资本及其效用——基于七国线上大数据的实证分析☀《人文杂志》2020年第10期☀闫月珍 茅琛雅 | 兵器之喻与中国文学批评——以《文心雕龙》为中心☀王怀义 | 图像与中国文学叙事传统的形成☀吴丰华 于家伟 | 人工智能创造价值吗？——基于劳动三维分析框架的再考察
46,2020,11,2020-11,人文杂志,8.0,6.0,0.0,0.0,0.0,1.0,1.0,48.0,46.0,6.0,5.75,7.5,6.666666666666667,20.0,5289.0,661.125,7.5,2045.0,0.0,0.0,0.0,0.0,朱汉民 | 张载究天人之际的太虚论☀范立舟 | 张载 “太虚即气”的界说与价值意蕴☀陈迎年 | 从横渠的“执喻失义”看“善的来源”问题☀《人文杂志》2020年第11期☀刘 杨 | 农村产业扶贫的实践机制与优化路径——政策生态的视角☀汤勤福 | 论秦汉聚落“里居”形式的演化及动因☀王立新 黄杭西 | 性别与暴力：希伯来文学中的女性暴力者形象——以“底波拉和雅亿故事”为中心☀孟 琢 陈子昊 | 论章太炎的平等思想——齐物哲学与中国现代价值的建立
47,2020,12,2020-12,人文杂志,12.0,12.0,0.0,0.0,0.0,1.0,1.0,52.0,68.0,4.333333333333333,5.666666666666667,4.333333333333333,5.666666666666667,11.0,6507.0,542.25,4.333333333333333,2104.0,0.0,0.0,0.0,0.0,刘亚秋 | 全球化时代的“文化自觉”和人的主体性——费孝通学术反思的两个主题☀夏 清 张语诗 | 国际经验与民族抗战：战时中国共产党视野下的西班牙内战☀田胜利 | 汉赋中长安、洛阳建筑名物命名的文化义涵选释☀白让让 | 竞争政策执法：保护还是抑制企业创新？——“谷歌比较购物案”引发的理论分歧及对中国的启示☀郜 喆 | “素王改制”与《五经异义》——廖平“平分今古”的两个基础及其关系☀《人文杂志》2020年第12期☀唐要家 唐春晖 | 数据要素经济增长倍增机制及治理体系☀管 宁 | 古典美学的现代转场与当代创新☀张兴祥 庄雅娟 黄明亮 | 全球价值链下中国制造业镜像与突围路径研究——基于“双循环”新发展格局的视角☀赵英臣 | 疫情后经济全球化新趋势与双循环发展格局的构建☀风笑天 | 一个时代与两代人的生命历程：中国独生子女研究40年（1980-2019）☀白宽犁 | 秦岭与华夏文明初论
48,2021,1,2021-1,人文杂志,5.0,4.0,0.0,2.0,0.0,1.0,1.0,31.0,39.0,6.2,7.8,7.5,9.5,22.0,8228.0,1645.6,7.5,3658.0,0.0,0.0,0.0,0.0,任保平 豆渊博 | “十四五”时期构建新发展格局推动经济高质量发展的路径与政策☀张 杰 吴书凤 | “十四五”时期中国关键核心技术创新的障碍与突破路径分析☀《人文杂志》2021年第1期☀2021年《人文杂志》稿约☀《人文杂志》2020年总目录
49,2021,2,2021-2,人文杂志,5.0,5.0,0.0,0.0,0.0,1.0,1.0,21.0,18.0,4.2,3.6,4.2,3.6,13.0,4502.0,900.4,4.2,2500.0,0.0,0.0,0.0,0.0,《人文杂志》2021年第2期☀周利敏 | 大数据时代的社交媒体与自然灾害治理☀王 锐 | “文明等级论”在近代中国——一个思想史视角的鸟瞰☀苟东锋 | 儒家之“道”是否“可道”？——兼论张载气学中的“道”与“名”☀王一川 | 文化现代性中的异文化角色——跨文化学视域中的审美生命政治
50,2021,3,2021-3,人文杂志,8.0,8.0,0.0,7.0,0.0,1.0,1.0,39.0,52.0,4.875,6.5,4.875,6.5,18.0,6883.0,860.375,4.875,2382.0,0.0,0.0,0.0,0.0,刘 谦 裴小革 | 所有制改革与所有制结构演变——改革开放以来马克思主义所有制理论中国化研究☀《人文杂志》2021年第3期☀朱志荣 | 论审美意象的空灵性☀祝永庆 刘民权 | 生活质量评估主客观福利的机理分析☀张一兵 | 迈克尔·波兰尼：意会推论在科学研究的融贯性逻辑力量☀唐庆鹏 | 在工程与人文之间：人工智能技术的融合本质及发展原则☀魏屹东 | 论具身人工智能的可能性和必要性☀孟 捷 | 中国特色社会主义政治经济学的叙述方法和体系结构——对现有教科书结构与内容的批判性考察
51,2021,4,2021-4,人文杂志,12.0,12.0,0.0,11.0,0.0,1.0,1.0,51.0,89.0,4.25,7.416666666666667,4.25,7.416666666666667,9.0,11688.0,974.0,4.25,3443.0,0.0,0.0,0.0,0.0,安树伟 张晋晋 | 都市圈带动黄河流域高质量发展研究☀范若恩 刘利华 | 偏离叛逆/传播传承——“创造性叛逆”的历史语义和翻译文学的归属☀朱 军 李亦婷 | 算法时代的情感与文学——由AI诗歌的AI分析谈起☀世界读书日：《人文杂志》赠阅名单公布啦☀《人文杂志》2021年第4期☀刘翔英 | 资本积累视域下脱贫攻坚的社会学阐释☀冯渝杰 | 天子与天师——原始道教国家宗教性格论纲☀《人文杂志》2020年度刊文转摘量、转摘率再获佳绩☀侯耀文 沈江平 | 历史唯物主义与“空间转向”问题——兼论人文社会科学和自然科学研究范式的差异性☀祁志祥 | 先秦古籍“伪书”说清算、正名及反思☀世界读书日：《人文杂志》免费赠阅活动☀世界读书日：《人文杂志》免费赠阅活动
52,2021,5,2021-5,人文杂志,6.0,6.0,0.0,4.0,0.0,1.0,1.0,27.0,51.0,4.5,8.5,4.5,8.5,7.0,7173.0,1195.5,4.5,2879.0,0.0,0.0,0.0,0.0,《人文杂志》2021年第5期☀刘金海 | 知识实践视角下的“乡村建设”研究——基于定县教育、邹平实验和乌江试验的比较分析☀桂 华 | 迈向强国家时代的农村基层治理——乡村治理现代化的现状、问题与未来☀献礼建党百年 | 2021年“我是期刊领读者”建党百年主题诵读活动正式启动！华为手机、平板电脑……等你来拿☀王子今 | 秦强国扩张的重要政策：“收周余民而有之”☀杨伟清 | 后果、动机与意图——论密尔的道德评价理论
53,2021,6,2021-6,人文杂志,7.0,7.0,0.0,7.0,0.0,1.0,1.0,40.0,53.0,5.714285714285714,7.571428571428571,5.714285714285714,7.571428571428571,10.0,8173.0,1167.5714285714287,5.714285714285714,3500.0,0.0,0.0,0.0,0.0,《人文杂志》2021年第6期☀戴卫东 余 洋 | 全球疫情治理共同体：理论构建、行动框架与实施路径☀彭 锋 | “之间”与“之外”：写意音乐的结构分析☀翟 欣 邓晓芒 | 论现象学视野下的悲剧性☀王国成 | 数字化建模：新视角探索经济复杂性☀蔡之兵 | 靶向优化还是自主进化：中国国家治理体系现代化路径的甄别与方向☀程启军 | 中国共产党百年乡村治理实践的演进及其核心经验
54,2021,7,2021-7,人文杂志,2.0,2.0,0.0,2.0,0.0,1.0,1.0,11.0,10.0,5.5,5.0,5.5,5.0,6.0,2577.0,1288.5,5.5,1655.0,0.0,0.0,0.0,0.0,王向远 ▏中国“东方学”的起源、嬗变、形态与功能☀李海青 | 经济制度·现实功能·党的领导——百年大党对中国社会主义本质认识的演进逻辑
55,2021,8,2021-8,人文杂志,2.0,2.0,0.0,2.0,0.0,1.0,1.0,7.0,18.0,3.5,9.0,3.5,9.0,5.0,5783.0,2891.5,3.5,3134.0,0.0,0.0,0.0,0.0,《人文杂志》2021年第8期☀《人文杂志》2021年第7期
56,2021,9,2021-9,人文杂志,10.0,10.0,0.0,6.0,0.0,1.0,1.0,46.0,65.0,4.6,6.5,4.6,6.5,16.0,10339.0,1033.9,4.6,2881.0,0.0,0.0,0.0,0.0,《人文杂志》2021年第9期☀陈 鹏 | “汉人”与“海人”： 秦汉时期滨海人群的身份认同☀任 锋 | 大一统与政治秩序的基源性问题： 钱穆历史思维的理论启示☀吴子林 |文化交往或对话可能吗？ ———论东西方文化的和合创生☀刘民权 华亮文 | 我国灾害应急体制的完善与改进路径研究☀刘清平 | “义政”和“善政”的统一 ——先秦墨家视域下的政治发展概念☀刘 涛 | 中国共产党百年乡村治理的功能定位、 实践逻辑及时代任务☀蓝勇 | 中国历史上“遍地先贤”现象与 传统乡土历史的重构☀杨慧林 | 理解奥登的一个思想线索：从“共在” 到“双值”的潜在对话☀张 明 |  中国共产党百年历史叙事逻辑的文明向度
57,2021,10,2021-10,人文杂志,4.0,4.0,0.0,4.0,0.0,1.0,1.0,13.0,27.0,3.25,6.75,3.25,6.75,5.0,5667.0,1416.75,3.25,2590.0,0.0,0.0,0.0,0.0,《人文杂志》2021年第10期☀刘 阳 | 索绪尔语言论能否解释艺术的言外之意？———一个通向当代事件文论的考察☀黄开国 | 经学的开端☀乔贵平 | 党的百年征程中民主集中制之 独特优势与治理效能
58,2021,11,2021-11,人文杂志,5.0,5.0,0.0,2.0,0.0,1.0,1.0,54.0,118.0,10.8,23.6,10.8,23.6,48.0,4539.0,907.8,10.8,2356.0,0.0,0.0,0.0,0.0,顾少华 | 概念史视野下清末君史与民史说新探☀李大华 | 境界论☀承 上 | 超级平台并购初创企业的反垄断规制☀李 兴 董 云 | 中俄共建“冰上丝绸之路”的地缘政治经济分析☀贺 璇 | 农村低保户形象的社会认知及其政策效应
59,2021,12,2021-12,人文杂志,4.0,4.0,0.0,2.0,0.0,1.0,1.0,8.0,20.0,2.0,5.0,2.0,5.0,4.0,4571.0,1142.75,2.0,3158.0,0.0,0.0,0.0,0.0,姜长云 | 建党百年优化城乡关系治理的 历程、经验与启示☀何自力 李路遥 | 集中力量办大事的政治经济学分析☀李 敢 | 乡村建设新进路：中外“数字乡村” 研究的多元视野比照☀《人文杂志》2021年第11期
60,2022,1,2022-1,人文杂志,1.0,1.0,0.0,1.0,0.0,1.0,1.0,7.0,7.0,7.0,7.0,7.0,7.0,7.0,3644.0,3644.0,7.0,3644.0,0.0,0.0,0.0,0.0,《人文杂志》2021年第12期
61,2022,2,2022-2,人文杂志,5.0,5.0,1.0,4.0,0.0,1.0,1.0,23.0,35.0,4.6,7.0,4.6,7.0,11.0,15521.0,3104.2,4.6,13267.0,0.0,0.0,0.0,0.0,王爱萍 胡海峰 | 新发展阶段我国金融风险的新特点、新挑战及防范对策☀李秉奎 | 虹桥机场事件与淞沪战争的肇始☀张新国 | 张子仁论与美德伦理☀高 玉 | 中国现代作家手稿作为“祖本”文学价值论☀宣朝庆  葛珊 | 历史记忆与自我认同：中华民族共同体意识的文化自觉
62,2022,3,2022-3,人文杂志,16.0,14.0,0.0,16.0,0.0,1.0,1.0,59.0,111.0,3.6875,6.9375,4.0,7.785714285714286,6.0,18151.0,1134.4375,4.0,4231.0,2.0,1.0,0.0,0.0,"李玉蓉 | 抗日根据地农业生产运动的历史逻辑与演进脉络☀陈小亮 李诚浩 | 防范房价泡沫化风险的对策研究：“疏堵结合”的新思路☀龚 隽 | 从“能近取譬”到“指事问义”：中国哲学的一种说理方式☀吴根友 | 马、恩对资本主义“文明”内在张力的揭示及其当代意义☀蒋永穆 何 媛 | 中国共产党百年反贫困的历程、特征与展望☀孙 毅 | 中国共产党百年支农经验及对乡村振兴的启示☀《人文杂志》2022年第2期☀谭 丹 | 西学与近代国人的月亮新知☀李世鹏 | “到月球去”：近代中国火箭探月知识的传播与演变☀林精华 | 从人性解放大潮到女性写作盛行：俄罗斯白银时代文学的另一个层面☀干春松 | “本心”与“民本”——陆九渊心学思想的实践指向☀邓晓芒 | “援道入儒”还是“以道解儒”？——论王弼对道家形而上学的深化☀余敏江 王 磊 | 环境政治学：一个亟待拓展的研究领域☀《人文杂志》2022年第1期☀王燕梅 | 中国共产党领导下的装备制造业百年发展与经验启示☀《人文杂志》2021年总目录"
63,2022,4,2022-4,人文杂志,7.0,7.0,0.0,5.0,0.0,1.0,1.0,39.0,105.0,5.571428571428571,15.0,5.571428571428571,15.0,23.0,9812.0,1401.7142857142858,5.571428571428571,3992.0,12.0,2.0,42.0,7.0,徐坤 | 中国式现代化道路的哲学意蕴☀张振华 | 比较政治经济视角下的中国式现代化道路：科学内涵及其文明意蕴☀《人文杂志》2022年第3期☀世界读书日：关于2022年世界读书日《人文杂志》赠阅活动名单的公告☀世界读书日：《人文杂志》免费赠阅活动公告☀张康之 | 在风险社会中看真理与意义☀霍斌 | 中国古代砒霜的知识史
64,2022,5,2022-5,人文杂志,9.0,9.0,0.0,9.0,0.0,1.0,1.0,63.0,103.0,7.0,11.444444444444445,7.0,11.444444444444445,24.0,11588.0,1287.5555555555557,7.0,3728.0,4.0,0.0,33.0,0.0,《人文杂志》|| 李友广：政治视域下的道德因素考量——荀韩哲学思想之比较☀《人文杂志》|| 张淑一：出土文献研究中的“默证”问题☀《人文杂志》|| 石英：新科技革命与中国特色社会学理论建构☀《人文杂志》2022年第4期☀袁富华 | 效率、公平与程序：以公共领域建设拓展制度韧性☀刘 力 岑宛聪 | 秦、汉“太上皇”政治文化透视——从“家人父子礼”到“朝廷君臣礼”☀包大为 | 黑格尔的解放伦理与历史主义意图☀李昌舒 | 区分与融合：论北宋审美趣味的变革☀王 盛 罗 璟 | 社区组织程度和基层公共卫生体系构建——基于新冠疫情下社区居民心理状态及其影响因素的实证研究
65,2022,6,2022-6,人文杂志,9.0,9.0,0.0,9.0,0.0,1.0,1.0,31.0,58.0,3.4444444444444446,6.444444444444445,3.4444444444444446,6.444444444444445,7.0,10229.0,1136.5555555555557,3.4444444444444446,4710.0,1.0,1.0,0.0,0.0,《人文杂志》||  陈雨露 夏庆杰 李  实：制造业中心对农村居民收入的区域辐射作用分析：1988—2018☀《人文杂志》|| 孙晓冬 宋  磊：生产主义的产业政策观的工业行政意义——沟通林毅夫区域与路风空间☀《人文杂志》|| 宋洪兵：为政治奠基：论法家的政治形上学☀《人文杂志》|| 董海军：中国共产党百年调查研究的三重逻辑：历史、理论与实践☀《人文杂志》2022年第5期☀《人文杂志》|| 高旭东 郝 鑫：夏目漱石《我是猫》的文明批判对鲁迅改造国民性的影响☀《人文杂志》|| 沈费伟 叶温馨：数字乡村发展的实现路径考察——基于精明增长理论的探索☀《人文杂志》|| 孙泽南 庄晋财：乡村创业驱动国内大循环：理论逻辑、现实制约与对策措施☀《人文杂志》|| 白永秀 苏小庆 王颂吉：巩固拓展脱贫攻坚成果同乡村振兴衔接的理论与实践逻辑
66,2022,7,2022-7,人文杂志,11.0,11.0,0.0,11.0,0.0,1.0,1.0,26.0,52.0,2.3636363636363638,4.7272727272727275,2.3636363636363638,4.7272727272727275,7.0,11269.0,1024.4545454545455,2.3636363636363638,5259.0,3.0,2.0,0.0,0.0,《人文杂志》|| 魏屹东：人工智能会超越人类智能吗？☀《人文杂志》|| 唐代兴：善抑或恶：人工智能的根本伦理问题☀《人文杂志》|| 贺仲明 蔡杨淇：文化的过渡与文学的新生——论《霜叶红似二月花》的复杂意义☀《人文杂志》|| 吴新叶：算法赋能的场景议题与应用框架——以数字政府建设为对象☀《人文杂志》|| 崔 兵 卢现祥：法律与金融关系的理论逻辑——基于 LAF和 LIF两种理路的比较研究☀《人文杂志》|| 李桂奎：“目观”文化与中国写人文论的统绪性☀《人文杂志》|| 何祎金：学科史视野下的方法异化、计算想象与大数据社会学☀《人文杂志》|| 孟  捷：制度变迁与社会主义基本经济规律——重读《苏联社会主义经济问题》☀《人文杂志》2022年第6期☀《人文杂志》|| 张  皓：英国如何分阶段有步骤侵占中印边界西段的中国领土☀《人文杂志》|| 沈杏培：“夏可为事件”与20世纪五六十年代“青年出路”问题
67,2022,8,2022-8,人文杂志,12.0,12.0,0.0,12.0,0.0,1.0,1.0,27.0,70.0,2.25,5.833333333333333,2.25,5.833333333333333,5.0,12235.0,1019.5833333333334,2.25,3962.0,6.0,5.0,0.0,0.0,《人文杂志》|| 徐道稳：社会工作与慈善事业的融合发展☀《人文杂志》|| 严若森 陈 娟：高管政治关联对企业绿色创新的影响研究：基于政府—企业—社会互动视角☀《人文杂志》|| 彭召昌：马克思主义广义政治经济学视角下西方文明特质的再认识☀《人文杂志》|| 李 翀 冯冠霖：我国面临的国际结算系统风险及其防范方法☀《人文杂志》|| 韩 伟：历史真理与理性差序：《格萨尔》学术史写作问题☀《人文杂志》|| 吕箐雯：《庄子》“小大之辨”之主旨是“大其心”☀《人文杂志》|| 林光华：非境界、非境域的《老子》诠释可能——从牟宗三到列维纳斯☀《人文杂志》|| 李慧明 王 敏：生态向度在构建人类命运共同体中的价值及其路径选择☀《人文杂志》|| 杜树海 白爱萍：“华南研究”对施坚雅区域理论的继承与超越☀《人文杂志》2022年第7期☀《人文杂志》|| 曾盛聪 董沁昕：“赋能”与“挤出”双效应下数字治理的“补丁”策略——基于代际发展权的分析框架☀《人文杂志》|| 成运楼：史表隐退问题新论——从本纪的编年化到世家谱牒的兴起
68,2022,9,2022-9,人文杂志,8.0,8.0,0.0,8.0,0.0,1.0,1.0,20.0,29.0,2.5,3.625,2.5,3.625,6.0,7102.0,887.75,2.5,2895.0,2.0,2.0,0.0,0.0,《人文杂志》|| 马晓强 胡晓雨 韩锦绵：黄河流域脱贫成果巩固的特殊性及长效机制构建研究☀《人文杂志》|| 周 游：旗帜与认同：国民革命时期国民党以党旗代国旗与各政治力量的因应☀《人文杂志》|| 刘清平：“真”概念的语义辨析——从两类不同需要的视角看☀《人文杂志》|| 陈林侠：何为气韵，如何生动？——传统美学与当下中国电影美学的理论愿景☀《人文杂志》|| 唐要家 王 钰：数字经济反垄断消费者福利标准的重构☀《人文杂志》|| 师  博  何  璐  邹林秀：黄河流域城市高质量发展收敛性研究☀《人文杂志》|| 岳  琳：中国精准传播研究的理论渊源、发展历程与未来展望☀《人文杂志》2022年第8期
